ISIN;Nominal;Price_%;Coupon_date;Coupon_price;Expiration
RU000A0ZZ0Q5;1000;0;27.09.2019;74.79;24.03.2023
XS1985081444;100000;102.5;24.08.2019;4750;24.05.2024
XS1833629253;100000;100;01.07.2019;8500;01.07.2021
XS1654237129;350000;100;16.08.2019;20597.26;16.08.2020
XS1859436070;100000;73.03;10.08.2019;8500;10.08.2021
XS1822383094;100000;94.45;27.09.2019;5041.1;27.09.2023
XS1434175730;80000;100.82;10.10.2019;5013.7;10.10.2019
XS1873963794;100000;74.78;01.10.2019;8500;01.10.2021
XS1903464391;100000;104.85;01.12.2019;0;01.12.2021
XS1807420937;100000;90.4;30.04.2020;0;30.04.2021
XS1708322133;300000;112;29.01.2020;0;29.01.2021
XS1713519012;100000;128.42;;0;09.11.2027
XS1675776014;100000;111.85;23.08.2019;533.94;23.08.2027
XS1731601867;100000;0;26.11.2019;649;26.11.2027
XS1604405545;350000;95;26.06.2019;27923.29;26.06.2020
XS1943597994;100000;101.3;20.12.2019;5515.07;20.12.2023
XS1859436401;100000;104.24;31.08.2019;0;31.08.2021
XS1143363940;100000;101;26.11.2019;8250;26.05.2025
XS0504954347;100000;102;29.10.2019;2500;29.04.2020
XS0767472458;200000;104.25;04.10.2019;4500;04.04.2022
XS0971721450;200000;101.4;16.09.2019;4875;16.09.2023
RU000A0JWHA4;200000;104.7311;27.11.2019;4750;27.05.2026
RU000A0JXTS9;200000;102;23.12.2019;4250;23.06.2027
XS0088543193;1000;165.9999;24.12.2019;63.75;24.06.2028
RU000A0ZYYN4;200000;104;21.09.2019;4375;21.03.2029
XS0114288789;0.375;113.55;30.09.2019;0.01;31.03.2030
RU000A1006S9;200000;0;28.09.2019;5100;28.03.2035
XS0767473852;200000;109.5126;04.10.2019;5625;04.04.2042
XS0971721963;200000;106.25;16.09.2019;5875;16.09.2043
RU000A0JXU14;200000;107.5;23.12.2019;5250;23.06.2047
RU000A0JRTS1;1000;100;27.11.2019;0;24.11.2021
RU000A0JRTT9;1000;101.27;16.08.2019;51.11;11.08.2023
RU000A1000H5;1000;0;29.06.2019;25.55;23.12.2023
RU000A0JVVA7;1000;113.3;17.10.2019;62.33;13.10.2022
RU000A0JW1G7;1000;114.6;20.12.2019;63.58;16.12.2022
RU000A1008V9;1000;102.25;07.10.2019;48.87;27.03.2028
RU000A0ZYLD2;1000;97.48;19.12.2019;54.85;17.12.2020
RU000A0ZZZU3;1000;95.95;26.06.2019;54.85;22.12.2021
RU000A1007Q1;1000;100;28.06.2019;7.43;28.02.2029
RU000A0JWM49;1000;100.6;27.06.2019;69.81;24.06.2021
RU000A0JXQ51;1000;100.79;25.10.2019;54.85;19.04.2024
RU000A100733;1000;100.38;24.09.2019;54.85;19.03.2024
RU000A0JS1A6;84.61;0;15.08.2019;1.92;15.02.2044
RU000A0JS1B4;84.61;100;15.08.2019;0.64;15.02.2044
RU000A0JTCV7;161.39;0;25.08.2019;3.66;25.05.2045
RU000A0JUBT1;205.91;0;22.09.2019;4.67;22.06.2046
RU000A0JTD52;161.39;100;25.08.2019;1.22;25.05.2045
RU000A0JUC19;205.91;100;22.09.2019;1.56;22.06.2046
RU000A0JQY35;2.52;100.25;20.08.2019;0.06;20.11.2042
RU000A0JRMW8;93.64;100.3;15.09.2019;2.12;15.09.2043
RU000A0JSKJ7;192;100.05;22.07.2019;4.31;22.01.2044
RU000A0JU3J9;685.32;100.9;09.09.2019;15.55;09.09.2045
RU000A0JV7G5;98.69;100.2;13.09.2019;2.61;13.06.2047
RU000A0JV755;1000;103.05;13.09.2019;26.47;13.06.2047
RU000A0JV1C7;288.25;0;16.09.2019;6.54;16.06.2047
RU000A0JV1B9;288.25;0;16.09.2019;2.18;16.06.2047
RU000A0JUJ87;721.62;99.95;11.09.2019;15.46;11.06.2046
RU000A0ZYWB3;1000;98;06.09.2019;36.85;17.03.2033
RU000A0ZYU21;1000;98.75;24.08.2019;36.85;04.03.2033
RU000A0ZZRB0;1000;102.1;31.10.2019;44.87;01.11.2021
RU000A0ZZZ66;1000;103.98;22.12.2019;46.13;24.06.2022
RU000A100998;1000;101.37;12.10.2019;42.87;13.04.2021
RU000A1003E6;1000;102.35;12.07.2019;13.15;27.01.2022
RU000A1007U3;1000;100;28.06.2019;29.29;16.03.2029
RU000A0JXQQ9;1000;100.5;07.08.2019;26.8;04.05.2022
RU000A0ZZYF7;1000;100;14.09.2019;29.59;22.11.2023
RU000A0JWF71;1000;100;25.10.2019;72.3;22.10.2021
RU000A0JVD41;1000;100;29.10.2019;0;29.04.2020
RU000A0ZYC31;1000;100;04.07.2019;21.19;23.09.2027
RU000A0ZYH02;1000;100;27.08.2019;21.19;16.11.2027
RU000A0JX009;1000;103.5;22.11.2019;51.11;20.11.2020
RU000A0ZYKM5;1000;100.01;13.12.2019;40.39;13.12.2019
RU000A0ZZPY6;1000;100.15;19.10.2019;41.36;19.10.2019
RU000A100030;1000;101;27.06.2019;42.38;12.12.2030
RU000A100048;1000;101.69;27.06.2019;47.37;23.12.2021
RU000A100B40;1000;101;25.10.2019;43.38;23.04.2021
RU000A0JW118;1000;100.55;19.12.2019;48.62;17.12.2020
RU000A0JRHF3;1000;101.91;19.11.2019;50.86;18.05.2021
RU000A0JRHG1;1000;102.15;19.11.2019;50.86;18.05.2021
RU000A0JWV89;1000;101.95;03.10.2019;47.62;24.09.2026
RU000A0JXSS1;1000;101.3;03.12.2019;42.88;25.05.2027
RU000A0ZZEW4;1000;100.14;01.08.2019;39.61;02.08.2021
RU000A0JUU90;1000;100.49;12.09.2019;46.62;30.08.2029
RU000A0JUUA1;1000;100.56;12.09.2019;41.14;30.08.2029
RU000A0JV0U1;1000;99.1;26.11.2019;36.65;13.11.2029
RU000A0JWPV3;1000;100.08;08.08.2019;38.89;24.07.2031
RU000A0JWUX9;1000;102.45;01.10.2019;47.37;16.09.2031
RU000A0JX5W4;1000;101.58;22.07.2019;47.12;05.01.2032
RU000A0JXQX5;1000;100.76;08.11.2019;24.93;08.05.2020
RU000A0JXRV7;1000;100.58;26.11.2019;43.38;11.05.2032
RU000A0ZYBM4;1000;100.32;04.10.2019;41.86;13.10.2032
RU000A0ZYGB6;1000;100.44;25.11.2019;40.61;04.12.2032
RU000A0JUJW8;1000;81.63;23.03.2027;1042.97;23.03.2027
RU000A0JW167;1000;107.4;20.12.2019;55.35;12.12.2025
RU000A0JW175;1000;109.82;20.12.2019;55.35;12.12.2025
RU000A0JUQC5;1000;81.08;23.12.2019;44.88;17.06.2024
RU000A100A33;1000;100.9;23.10.2019;42.87;23.04.2022
RU000A100G03;1000;100.8;18.12.2019;42.12;18.06.2023
RU000A0JV3U5;1000;85;15.12.2023;359.01;06.12.2030
RU000A0ZYR18;1000;98.66;02.08.2019;20.19;27.01.2023
RU000A100535;1000;100.29;03.09.2019;34.9;01.03.2022
RU000A0JUQ13;700;100.3;20.09.2019;0.02;19.06.2020
RU000A0JV8U4;1000;107;16.08.2019;32.29;12.02.2021
RU000A0JVRM0;500;100.29;05.09.2019;13.09;02.09.2021
RU000A0JVLH3;625;104.26;04.07.2019;21.04;01.07.2021
RU000A0JXT17;670;101.37;05.09.2019;18.96;04.06.2020
RU000A0ZZQU2;1000;0;26.10.2019;44.87;26.10.2023
RU000A0ZZUL3;1000;0;20.11.2019;45.12;20.11.2023
RU000A0JV0N6;1000;93.85;22.11.2019;0;22.11.2019
RU000A0JV565;1000;100.72;18.07.2019;40.89;16.01.2020
RU000A0JV6D4;1000;101.3;22.07.2019;40.89;20.01.2020
RU000A0JU674;400;100.15;20.09.2019;7.73;18.09.2020
RU000A0JS3U0;1000;100.51;09.08.2019;34.9;04.02.2022
RU000A0JTM28;1000;99.1;06.08.2019;38.39;31.01.2023
RU000A0JTM36;1000;100.7;06.08.2019;44.13;31.01.2023
RU000A0JTM44;1000;98.98;06.08.2019;38.39;31.01.2023
RU000A0JTM51;1000;100.75;06.08.2019;44.13;31.01.2023
RU000A0JX2P5;1000;0;19.12.2019;47.37;12.12.2024
RU000A0JX2X9;1000;102.4;19.12.2019;47.37;14.12.2023
RU000A0JX9X4;1000;0;29.07.2019;46.87;22.01.2024
RU000A0JX2Q3;1000;0;19.12.2019;47.37;10.12.2026
RU000A0JWH87;1000;0;19.11.2019;52.36;12.05.2026
RU000A0JVEQ9;1000;0;15.11.2019;59.84;09.05.2025
RU000A0JVFD4;1000;0;25.11.2019;59.84;19.05.2025
RU000A0JUML5;1000;102.19;18.11.2019;39.14;13.05.2024
RU000A0JWGC2;1000;108.05;06.11.2019;54.35;29.04.2026
RU000A0JVHF5;1000;0;10.12.2019;60.33;03.06.2025
RU000A0JWGD0;1000;111.6;06.11.2019;54.35;29.04.2026
RU000A0JWX04;1000;106.8;24.10.2019;46.37;15.10.2026
RU000A0JU286;400;101.08;30.07.2019;8.28;28.07.2020
RU000A0JUQB7;50;105.54;23.09.2019;1.33;21.06.2021
RU000A0JVL33;300;102.3;02.07.2019;9.46;30.06.2020
RU000A0JWKB6;1000;103.98;10.09.2019;24.46;08.06.2021
RU000A0JXTW1;1000;101.25;17.09.2019;20.57;11.06.2024
RU000A0JVG89;500;101.02;28.11.2019;24.31;28.05.2020
RU000A0JWFE0;500;103;30.10.2019;32.16;29.04.2020
RU000A0JXTB5;1000;101.99;10.12.2019;47.37;07.06.2022
RU000A0JV3T7;1000;65;15.12.2023;359.01;06.12.2030
RU000A0JVBF8;1000;100;26.09.2019;46.12;26.03.2020
RU000A100725;1000;100;27.06.2019;31.79;15.03.2029
RU000A100691;1000;100.14;13.09.2019;22.06;08.03.2024
RU000A0ZYCJ8;1000;100.65;08.10.2019;42.38;12.10.2020
RU000A0ZYQX9;1000;100.07;02.08.2019;38.89;30.07.2021
RU000A0JUD00;203.68;100.1;11.08.2019;4.49;11.08.2046
RU000A0JUD34;1000;0;11.08.2019;27.73;11.08.2046
RU000A0JXNB8;1000;101.97;08.10.2019;55.6;05.04.2022
RU000A0JRSW5;135.09;0;26.08.2019;3.06;26.11.2043
RU000A0JRSX3;135.13;100;26.08.2019;1.02;26.11.2043
RU000A0JSZF3;160.23;0;28.08.2019;3.63;15.09.2044
RU000A0JSZG1;160.23;100;28.08.2019;1.21;15.09.2044
RU000A0JTXP5;229.96;0;01.09.2019;5.22;01.09.2044
RU000A0JTXQ3;229.96;100;01.09.2019;1.74;01.09.2044
RU000A0JUCH4;221.86;0;03.09.2019;5.03;18.09.2046
RU000A0JUCJ0;221.86;100.05;03.09.2019;1.68;18.09.2046
RU000A0JUPS3;286.49;0;05.09.2019;6.5;14.08.2043
RU000A0JUPT1;286.49;100.05;05.09.2019;2.17;14.08.2043
RU000A0JV1E3;288.52;0;06.09.2019;6.55;06.12.2044
RU000A0JV1F0;288.47;0;06.09.2019;2.18;06.12.2044
RU000A0ZZYR2;1000;100.43;18.09.2019;20.32;17.06.2020
RU000A100089;1000;100.54;28.06.2019;20.32;26.06.2020
RU000A100EJ7;1000;100.09;03.09.2019;18.95;02.06.2020
RU000A100FW7;1000;100.17;16.09.2019;18.7;15.06.2020
RU000A100774;1000;100.34;24.09.2019;39.89;24.03.2020
RU000A100AE6;1000;100.25;22.10.2019;39.89;21.04.2020
RU000A100CS2;1000;99.9;20.11.2019;38.89;20.05.2020
RU000A0ZYKG7;1000;100.28;23.09.2019;20.19;23.12.2019
RU000A100EN9;1000;92.11;05.06.2020;0.1;05.06.2022
RU000A0ZZBD0;1000;102.51;28.06.2019;0.02;28.06.2019
RU000A0ZZH84;1000;100.22;20.08.2019;19.95;24.08.2021
RU000A0JUQE1;1000;100.47;25.06.2019;20.19;23.06.2020
RU000A0JV3Q3;1000;100;20.09.2019;19.32;13.12.2024
RU000A0JU773;1000;100;05.07.2019;18.08;29.09.2023
RU000A0JV441;631.59;100;25.06.2019;13.94;17.12.2024
RU000A0JUSQ1;538.48;100.01;09.08.2019;11.75;05.08.2022
RU000A0JV458;666.67;100;25.06.2019;14.88;21.12.2021
RU000A0JURL4;578.96;100;24.07.2019;12.92;17.07.2024
RU000A0JV466;615.4;100;25.06.2019;13.73;20.12.2022
RU000A0JV474;631.59;100;25.06.2019;14.09;17.12.2024
RU000A0JV482;615.4;100;25.06.2019;13.58;20.12.2022
RU000A0JV110;555.56;100;29.08.2019;11.98;25.11.2021
RU000A0ZYLK7;1000;102.5;20.09.2019;31.16;10.12.2027
RU000A0ZZZP3;1000;102.75;25.06.2019;22.79;21.12.2021
RU000A1001V4;1000;0;26.07.2019;45.28;19.01.2024
RU000A1003W8;1000;0;16.08.2019;44.53;09.02.2024
RU000A1004U0;1000;100.21;29.08.2019;43.53;25.02.2021
RU000A100BM7;1000;101.99;29.10.2019;43.23;26.04.2022
RU000A0JW6P7;1000;100;24.02.2020;115.68;17.02.2025
RU000A0JWNE4;1000;101.8501;18.07.2019;24.43;15.07.2021
RU000A0JWNJ3;1000;100.14;23.07.2019;50.61;23.07.2019
RU000A0JX4Q9;1000;104.1;01.07.2019;48.13;17.12.2021
RU000A0JXRP9;1000;100.47;22.11.2019;45.13;22.11.2019
RU000A0JXU48;1000;100;19.12.2019;21.19;15.12.2022
RU000A0JXU71;1000;101.78;20.12.2019;43.63;18.06.2021
RU000A0JR3H8;1000;100.65;15.10.2019;41.79;13.10.2020
RU000A0JR3G0;1000;102.1;15.10.2019;48.37;13.10.2020
RU000A0JRCX7;1000;101.85;19.09.2019;44.38;18.03.2021
RU000A0JRTN2;1000;103.37;24.09.2019;49.12;21.09.2021
RU000A0JT403;1000;100.7;04.10.2019;48.87;17.09.2032
RU000A0JT6B2;1000;103.15;10.10.2019;48.62;23.09.2032
RU000A0JS4Z7;1000;101.9;03.09.2019;43.98;17.02.2032
RU000A0JUBA1;1000;0;27.08.2019;20.82;24.11.2020
RU000A0JVQA7;1000;101.7;22.08.2019;22.94;20.08.2020
RU000A0JUTB1;1000;0;29.08.2019;24.31;16.08.2029
RU000A0NH178;1000;100;26.06.2019;5.85;26.06.2019
RU000A0NH194;1000;0;28.06.2019;5.85;28.06.2019
RU000A0NH1A3;1000;100;27.06.2019;4.37;27.06.2019
RU000A0NH1B1;1000;100;12.07.2019;5.78;12.07.2019
RU000A100F46;1000;0;04.07.2019;4.36;04.07.2019
RU000A100F53;1000;0;03.07.2019;2.87;03.07.2019
RU000A100F61;1000;100;11.07.2019;4.27;11.07.2019
RU000A100F79;1000;100;19.07.2019;5.65;19.07.2019
RU000A0JVNL1;1000;99.85;25.07.2019;20;17.07.2025
RU000A0ZYLH3;1000;100.29;19.12.2019;40.89;18.06.2020
RU000A0ZYLJ9;1000;0;19.12.2019;41.09;15.12.2022
RU000A0JVRV1;1000;0;09.09.2019;41.59;01.09.2025
RU000A0JUEE7;1000;0;23.07.2019;40.79;16.01.2024
RU000A0JVKC6;300;104.3;25.06.2019;19.58;23.06.2020
RU000A0JV8D0;1000;99;09.08.2019;40.34;31.01.2025
RU000A0JV8G3;1000;100.1;13.08.2019;40.34;04.02.2025
RU000A0JV9D8;1000;100.2;27.08.2019;41.59;18.02.2025
RU000A0JV9H9;1000;100.2;29.08.2019;41.59;20.02.2025
RU000A0JVQQ3;1000;0;26.08.2019;41.59;18.08.2025
RU000A0JREW5;1000;99;04.10.2019;36.25;02.04.2021
RU000A0JREX3;1000;98.9;04.10.2019;36.25;02.04.2021
RU000A0JREZ8;1000;98.4;04.10.2019;36.25;02.04.2021
RU000A0JRUY7;1000;100.73;22.10.2019;50.36;19.10.2021
RU000A0JRV52;1000;100.7;23.10.2019;50.36;20.10.2021
RU000A0JUHV4;1000;95;11.09.2019;49.86;08.03.2023
RU000A0JTWT9;1000;84.13;06.08.2019;1.25;04.05.2021
RU000A0JW3A6;1000;109.8;25.07.2019;59.34;15.01.2026
RU000A0JUAT3;1000;97;21.11.2019;37.4;16.11.2023
RU000A0ZYMN9;1000;100.25;27.06.2019;43.88;16.12.2027
RU000A0ZYMM1;1000;103;27.06.2019;43.88;16.12.2027
RU000A0JUP89;100;100.1;13.07.2019;3.23;13.07.2019
RU000A0JVU65;550;102.5;02.08.2019;16.44;30.10.2020
RU000A0JXSD3;1000;101.2;08.09.2019;22.19;02.06.2024
RU000A0JXUU3;1000;47;01.07.2019;42.38;27.06.2022
RU000A0JRJC6;1000;100;06.08.2019;51.6;04.04.2022
RU000A0JT593;1000;100;31.08.2019;90;29.02.2024
RU000A0JUWU5;200;101.49;21.07.2019;6.11;10.10.2019
RU000A0JVVR1;400;105.51;09.08.2019;13.54;19.10.2020
RU000A0JV3M2;200;103.28;24.07.2019;7.48;24.12.2019
RU000A0JUWK6;300;101.28;14.07.2019;8.79;14.10.2019
RU000A0JV102;0.01;85.14;28.11.2019;0;28.05.2020
RU000A0ZZXT0;1000;101.23;12.09.2019;31.16;09.12.2021
RU000A0JVUN2;1000;0;11.10.2019;4.99;03.10.2025
RU000A0JVUP7;1000;91.55;11.10.2019;4.99;03.10.2025
RU000A0JS5E9;1000;99.45;10.09.2019;34.9;08.03.2022
RU000A0JS5M2;1000;99.35;16.09.2019;34.9;14.03.2022
RU000A0JS5F6;1000;99.4;10.09.2019;34.9;08.03.2022
RU000A0JXJE0;1000;101.75;20.08.2019;53.6;09.02.2027
RU000A0JV1H6;397.54;0;25.08.2019;9.02;27.04.2048
RU000A0JV1N4;397.54;0;25.08.2019;3.01;27.04.2048
RU000A0JT6G1;1000;99.8;10.10.2019;30.92;10.10.2019
RU000A0JT6J5;1000;99.99;10.10.2019;37.5;06.10.2022
RU000A1000A0;1000;0;28.12.2020;164.22;28.12.2020
RU000A1002E8;1000;103.54;31.07.2019;45.37;31.01.2023
RU000A1003R8;1000;0;14.08.2019;44.88;14.02.2024
RU000A1007E7;1000;0;26.09.2019;45.62;26.03.2023
RU000A100832;1000;0;02.10.2019;44.87;02.04.2023
RU000A0JW5K0;1000;100.5;23.08.2019;21.74;19.02.2021
RU000A0JU7Y9;1000;95.03;22.10.2019;42.12;22.10.2023
RU000A0JUMH3;1000;99.33;23.11.2019;39.52;23.05.2024
RU000A0JUQ39;1000;101.96;27.06.2019;40.79;27.06.2024
RU000A0JUV08;1000;100.5;26.09.2019;39.82;26.09.2024
RU000A0JWTK8;1000;99.6;22.09.2019;31.76;22.09.2019
RU000A0JX0P9;1000;100.7;02.12.2019;41.61;02.12.2019
RU000A0JXTF6;1000;101.57;14.12.2019;43.37;14.06.2020
RU000A0ZYAE3;1000;101;19.09.2019;42.35;19.09.2020
RU000A0ZYHK5;1000;100.4;01.12.2019;40.11;01.12.2020
RU000A0JXP45;1000;101.45;18.10.2019;45.88;18.04.2024
RU000A0ZYEE5;1000;99.95;31.10.2019;40.33;31.10.2024
RU000A0ZYRX7;1000;98.5;12.08.2019;36.94;12.02.2023
RU000A0ZYRY5;1000;99.82;12.08.2019;36.94;12.02.2023
RU000A0JXHQ8;1000;101.39;20.08.2019;46.37;20.02.2020
RU000A0ZYB73;1000;101.2;26.09.2019;42.35;26.09.2020
RU000A0ZYM05;1000;100.25;26.06.2019;39.89;26.12.2020
RU000A0ZZXM5;1000;102.25;13.12.2019;44.87;13.06.2022
RU000A100AF3;1000;101.7;23.10.2019;43.62;23.04.2022
RU000A100DX0;1000;0;29.11.2019;42.35;29.11.2021
RU000A0ZZRC8;1000;95;30.10.2019;0.1;30.10.2019
RU000A0ZZXJ1;1000;100;26.06.2020;0.15;26.06.2020
RU000A100253;1000;93.62;11.02.2020;0.1;11.02.2020
RU000A100261;1000;93;11.02.2020;0.1;11.02.2020
RU000A100543;1000;100.5;16.09.2019;0.05;16.09.2019
RU000A100550;1000;0;17.03.2020;0.1;17.03.2020
RU000A1009G8;1000;0;25.04.2021;0.2;25.04.2021
RU000A0JXM22;958.34;104;27.09.2019;46.21;15.03.2030
RU000A0JV433;1000;94.41;25.06.2019;0.5;24.12.2019
RU000A0JVF64;1000;100.21;21.11.2019;47.12;21.05.2020
RU000A0JWTV5;631;101.5;20.09.2019;13.59;05.09.2031
RU000A0JX199;793.6;101.5;09.09.2019;17.81;24.11.2031
RU000A0JXE06;1000;109.58;08.08.2019;27.42;22.01.2032
RU000A0JXPG2;1000;105.1;23.07.2019;24.56;06.04.2032
RU000A0JY023;955;100.3255;28.08.2019;11.67;21.08.2024
RU000A0ZYAP9;892.5;103;18.09.2019;20.58;01.09.2032
RU000A0ZYNY4;1000;98.09;19.07.2019;21.19;31.12.2032
RU000A0ZYR91;1000;97.85;06.08.2019;20.94;18.01.2033
RU000A0ZZ1J8;1000;96.2;05.07.2019;18.32;18.03.2033
RU000A0ZZ984;1000;97.98;06.09.2019;20.94;20.05.2033
RU000A0ZZV11;1000;103.6;23.08.2019;24.68;04.11.2033
RU000A1003A4;1000;103.05;09.08.2019;23.68;20.01.2034
RU000A100FE5;1000;101.5;12.09.2019;22.06;25.05.2034
RU000A0JV375;1000;0;17.09.2019;27.18;10.12.2024
RU000A0JVA10;1000;100.19;12.09.2019;22.19;06.03.2025
RU000A0JVWD9;1000;109;26.07.2019;27.42;17.10.2025
RU000A0JVWJ6;1000;101.8;29.07.2019;23.64;20.10.2025
RU000A0JW1P8;1000;100.45;25.06.2019;20.32;16.12.2025
RU000A0JWST1;1000;105.5;10.09.2019;55.35;01.09.2026
RU000A0JXNF9;1000;101.95;09.10.2019;43.38;06.04.2022
RU000A0JXYL4;1000;0;06.08.2019;41.14;30.07.2024
RU000A0ZYDS7;1000;100.49;21.10.2019;39.14;17.10.2022
RU000A0ZYLC4;1000;98.45;19.12.2019;38.39;12.12.2024
RU000A0ZYLQ4;1000;100.5;23.12.2019;38.39;16.12.2024
RU000A0ZYXV9;1000;97.44;12.09.2019;35.9;07.03.2024
RU000A0JR878;1000;100.67;30.07.2019;37.9;26.01.2021
RU000A0JWRE5;1000;102.85;27.08.2019;46.87;24.07.2046
RU000A0JWK41;1000;100.15;05.12.2019;38.64;03.05.2046
RU000A0JWRF2;1000;103.05;27.08.2019;46.87;24.07.2046
RU000A0JUAN6;1000;0;20.11.2019;30.92;21.10.2043
RU000A0JUAP1;1000;0;20.11.2019;30.92;21.10.2043
RU000A0ZZES2;1000;100.7;30.07.2019;40.39;23.06.2048
RU000A0ZZET0;1000;100.99;30.07.2019;40.39;23.06.2048
RU000A0ZZER4;1000;0;30.07.2019;40.39;12.07.2033
RU000A100EX8;1000;100.7;05.12.2019;39.84;02.06.2022
RU000A0ZYUV5;1000;97;27.08.2019;35.65;15.02.2028
RU000A0ZYUW3;1000;97;27.08.2019;35.65;15.02.2028
RU000A0ZYUY9;1000;97.92;27.08.2019;35.65;15.02.2028
RU000A0ZYV04;1000;97;27.08.2019;35.65;15.02.2028
RU000A0JXFS8;1000;103.56;14.08.2019;44.38;03.02.2027
RU000A0JXFY6;1000;105.35;14.08.2019;44.38;03.02.2027
RU000A0ZZJZ6;1000;100;28.08.2019;59.84;26.08.2020
RU000A1005T9;1000;100.03;05.07.2019;29.92;05.04.2024
RU000A0ZYJ26;1000;99.25;03.12.2019;49.86;29.11.2022
RU000A0JU807;550;99.61;17.07.2019;14.74;16.10.2019
RU000A0JR4U9;1000;83.5;11.11.2019;39.89;30.10.2028
RU000A0JTFB2;1000;84.9;04.12.2019;39.89;22.11.2028
RU000A0JTB96;1000;89.99;12.11.2019;39.89;30.10.2029
RU000A0ZZ0R3;50000;105.88;26.06.2019;698.63;22.03.2020
RU000A0ZZV03;10000;105.67;21.07.2019;123.29;12.11.2020
RU000A100FY3;10000;103;19.07.2019;123.29;03.06.2022
RU000A0ZZ7R8;50000;102;19.07.2019;575.34;08.07.2021
RU000A0ZYVY7;1000;100.04;02.09.2019;34.65;21.02.2028
RU000A0ZZ1N0;1000;99.02;04.10.2019;39.89;24.03.2028
RU000A0ZZ7C0;1000;99.99;18.12.2019;39.39;10.05.2028
RU000A1004W6;1000;100.4;30.08.2019;41.64;16.02.2029
RU000A100ET6;1000;100.05;05.12.2019;39.39;12.05.2039
RU000A0JX2R1;1000;100.97;20.09.2019;23.31;22.12.2049
RU000A0ZYF20;1000;100.47;07.08.2019;19.95;07.11.2050
RU000A0ZYF38;1000;100.06;07.08.2019;19.95;07.11.2050
RU000A0ZYFM5;1000;100;13.08.2019;20.44;13.11.2050
RU000A0ZYAR5;1000;100.05;19.09.2019;19.7;17.09.2020
RU000A0ZYFN3;1000;100;13.08.2019;20.44;13.11.2050
RU000A0JQAL8;1000;107.01;15.11.2019;51.67;15.05.2023
RU000A0JQAM6;1000;114.3;15.09.2019;51.67;15.09.2028
RU000A0JQXG0;600;100.3;15.09.2019;12.48;15.09.2021
RU000A0JR5F7;600;102;15.07.2019;13.54;15.04.2022
RU000A0JRDY3;1000;101;15.07.2019;16.7;15.07.2023
RU000A0ZYLU6;1000;100;23.09.2019;19.45;13.12.2027
RU000A0ZYQU5;1000;100.75;02.08.2019;41.14;21.01.2028
RU000A0JR6S8;1000;102.95;15.09.2019;21.68;15.12.2027
RU000A0JS488;150;100.9;15.08.2019;3.33;15.02.2020
RU000A0JTDX1;1000;99.5;01.08.2019;19.53;01.11.2022
RU000A0JTW83;1000;99.95;01.07.2019;19.32;01.10.2026
RU000A0JTZF1;1000;116.05;01.08.2019;38.56;01.11.2029
RU000A0JUKX4;1000;101;01.09.2019;20.92;01.03.2033
RU000A0JV4R9;1000;99.97;01.08.2019;38.68;01.02.2034
RU000A0JXRM6;632.09;0;28.06.2019;0;28.09.2049
RU000A0JXS26;545.43;105.58;28.06.2019;0;28.03.2041
RU000A0ZYLX0;560.35;109.5;28.07.2019;0;28.10.2037
RU000A0ZYL89;455.31;0;28.07.2019;0;28.04.2042
RU000A0JX3M0;423.59;111;28.06.2019;0;28.12.2039
RU000A0ZYJT2;482.56;106;28.07.2019;13.84;28.04.2046
RU000A0ZYM21;1000;98.69;25.06.2019;40.39;20.12.2022
RU000A0JXVG0;1000;102.3;09.07.2019;46.87;05.07.2022
RU000A0ZZ2A5;1000;96.36;08.10.2019;33.66;01.04.2025
RU000A0JVZB6;1000;98;22.11.2019;0.05;14.11.2025
RU000A0ZYU54;1000;100;21.08.2019;49.86;15.02.2023
RU000A0ZZNL8;1000;100;21.11.2019;49.86;18.05.2023
RU000A0ZZS73;1000;100;21.11.2019;49.86;18.05.2023
RU000A0JWB59;1000;100.02;20.09.2019;74.79;12.09.2025
RU000A0JU0B2;1000;99.5;10.07.2019;22.44;10.07.2023
RU000A0JXMZ9;1000;101.09;04.10.2019;47.37;29.03.2024
RU000A1009B9;1000;102.1;14.10.2019;44.38;06.04.2026
RU000A0ZZKW1;4000000;99.98;01.09.2019;256438.36;21.08.2021
RU000A0JVCL4;1000;0.14;22.10.2019;39.14;21.04.2020
RU000A0JVW55;1000;0.12;24.10.2019;39.14;22.10.2020
RU000A0JVX62;1000;0.12;05.11.2019;39.14;03.11.2020
RU000A0JW8X7;1000;0.13;09.09.2019;39.14;08.03.2021
RU000A0JWCP3;1000;0.14;09.10.2019;39.14;07.04.2021
RU000A0JWCU3;1000;0.12;10.10.2019;39.14;08.04.2021
RU000A0JWD65;1000;0.11;11.10.2019;39.14;09.04.2021
RU000A0JWD73;1000;0.11;11.10.2019;39.14;09.04.2021
RU000A0ZYE96;1000;101;25.07.2019;37.4;22.10.2020
RU000A0ZZ0D3;1000;96.61;27.06.2019;32.41;25.03.2021
RU000A0ZZR90;1000;99.41;30.07.2019;34.9;26.10.2021
RU000A0ZZDB0;1000;99.6;23.07.2019;37.9;11.07.2028
RU000A0ZZRR6;1000;101.2;08.11.2019;44.38;07.05.2021
RU000A1004X4;1000;100.7;10.09.2019;42.88;09.03.2021
RU000A0JS8X3;1000;102.55;17.07.2019;47.37;15.07.2020
RU000A0JS8Y1;1000;100;25.09.2019;36.4;23.09.2020
RU000A0JS8Z8;1000;66;25.09.2019;43.63;23.09.2020
RU000A0JS900;1000;101;09.10.2019;40.89;07.10.2020
RU000A0JS918;1000;100.15;25.11.2019;44.38;24.05.2021
RU000A0JS926;1000;0;16.07.2019;61.08;10.01.2023
RU000A0JS934;1000;99.1;02.08.2019;38.64;24.01.2025
RU000A0JXRN4;1000;101.09;26.11.2019;44.11;26.05.2020
RU000A1008Z0;1000;101.7;09.10.2019;42.87;09.04.2022
RU000A0JWBH2;1000;107.49;24.09.2019;62.83;23.03.2021
RU000A0JVKK9;1000;100.01;26.06.2019;64.57;18.06.2025
RU000A0JU6G8;1000;100.98;25.09.2019;47.37;25.09.2019
RU000A0JVQT7;1000;100.84;26.08.2019;26.18;23.08.2021
RU000A1004K1;1000;102.67;28.08.2019;48.62;14.02.2029
RU000A100DG5;1000;100.7;26.11.2019;46.87;15.05.2029
RU000A0JWVL2;1000;100.45;08.10.2019;47.37;29.09.2026
RU000A0ZZBV2;1000;100.5;02.07.2019;46.62;20.06.2028
RU000A0JVWE7;1000;100;26.07.2019;3.74;23.10.2020
RU000A0ZYSS5;1000;100.19;03.09.2019;69.81;05.03.2021
RU000A1005E1;1000;101.04;11.09.2019;44.61;11.03.2020
RU000A0JRJB8;1000;102;26.11.2019;52.06;13.05.2031
RU000A0JRJL7;1000;100;26.11.2019;52.06;13.05.2031
RU000A0JS4J1;1000;107;23.08.2019;49.07;06.02.2032
RU000A0JS4K9;1000;107;23.08.2019;49.07;06.02.2032
RU000A0JS4L7;1000;107;23.08.2019;49.07;06.02.2032
RU000A0ZZ8T2;1000;99;07.09.2019;19.16;15.06.2021
RU000A0JUP63;10;102.6;12.12.2019;0.74;12.12.2019
RU000A0JVBX1;1000;98;03.10.2019;39.89;27.03.2025
RU000A0JUPW5;1000;96;19.12.2019;0.5;13.06.2024
RU000A0JWYS1;1000;0;12.08.2019;19.95;11.11.2019
RU000A0JUG15;145.46;100.9;26.07.2019;3.26;01.10.2046
RU000A0JW316;316.62;101.4;15.07.2019;7.89;15.10.2047
RU000A0JV326;182.5;0;10.07.2019;1.35;10.05.2047
RU000A0JV318;182.5;0;10.07.2019;0.45;10.05.2047
RU000A0ZZW77;763.49;100.75;10.09.2019;17.99;10.12.2045
RU000A0JWKQ4;248.68;100.1;26.06.2019;2.27;26.06.2041
RU000A0JWKP6;246.24;102.7;26.06.2019;2.25;26.08.2040
RU000A0JVAJ2;267.31;100.2;07.08.2019;6.06;07.11.2047
RU000A0ZZNW5;748.09;99.6;28.06.2019;15.65;28.09.2047
RU000A0ZZCH9;792.09;99.3;28.07.2019;15.8;28.04.2043
RU000A0ZZV86;848.55;103.75;28.08.2019;21.28;28.05.2048
RU000A0ZZZ58;928.44;0;28.06.2019;0;28.06.2048
RU000A0ZZZ09;930.15;102.2;28.06.2019;21.76;28.12.2044
RU000A100DQ4;1000;103.45;05.07.2019;9.63;05.04.2029
RU000A0JVAQ7;73.95;100.2;04.08.2019;1.68;04.05.2045
RU000A0JV1U9;158.99;0;03.08.2019;3.61;31.03.2047
RU000A0JV1V7;158.99;0;03.08.2019;1.2;31.03.2047
RU000A0JVTQ7;926.03;0;25.07.2019;0.84;30.06.2022
RU000A0JX0L8;239.42;101.85;07.09.2019;6.13;07.12.2043
RU000A0JUQ54;54.91;100.65;26.08.2019;1.45;26.11.2041
RU000A0JUCX1;212.85;100.3;15.07.2019;4.51;15.07.2041
RU000A0JV2K8;222.22;0;28.06.2019;5.04;28.12.2046
RU000A0JV2L6;222.22;0;28.06.2019;1.68;28.12.2046
RU000A0JWC25;275.8;100.9;14.08.2019;7.65;14.02.2047
RU000A0JV508;234.79;101.95;26.06.2019;6.51;26.03.2047
RU000A0JV169;315.66;0;27.08.2019;7.16;01.07.2047
RU000A0JV185;315.66;0;27.08.2019;2.39;01.07.2047
RU000A0JWU80;195.65;101;11.09.2019;4.86;11.12.2043
RU000A0JX1T9;342.6;100;28.06.2019;8.46;28.06.2043
RU000A0JUJE6;94.21;100;26.06.2019;0.72;26.10.2046
RU000A0JVFN3;160.43;100.6;27.06.2019;1.23;27.01.2048
RU000A0JXQU1;293.59;100.4;28.06.2019;2.31;28.08.2049
RU000A0JWBA7;233.22;0;02.09.2019;5.44;02.03.2051
RU000A0JV409;219.39;100;07.09.2019;4.98;07.09.2057
RU000A0ZZ6K5;662.92;98.8;28.06.2019;13.03;28.03.2046
RU000A0JVTM6;127;101.35;24.09.2019;3.44;24.12.2047
RU000A0JWF30;364.63;103.05;17.08.2019;10.11;17.11.2045
RU000A0JVB35;338.01;99.75;20.08.2019;7.45;20.08.2047
RU000A0JWAT9;231.56;101.5;15.09.2019;6.01;15.12.2043
RU000A0JVU81;122.47;100.25;15.09.2019;2.78;15.03.2046
RU000A0JVJY2;213.83;100.2;25.06.2019;1.63;25.04.2045
RU000A0JVHJ7;166.5;100.1;03.07.2019;1.27;03.01.2038
RU000A0JV664;183.97;100.6;28.06.2019;5.1;28.12.2041
RU000A0JUPU9;77.01;100.55;28.06.2019;0.61;28.07.2044
RU000A0JUPF0;82.27;100.75;28.06.2019;0.66;28.02.2046
RU000A0JV3S9;200.42;100.6;15.07.2019;4.75;15.10.2047
RU000A0JVNC0;175.65;100.1;09.09.2019;3.87;09.12.2047
RU000A0JXW87;1000;100.05;19.07.2019;26.8;14.07.2023
RU000A0JWUD1;1000;100.35;26.09.2019;47.12;11.09.2031
RU000A0JXRS3;1000;101;22.11.2019;42.13;07.05.2032
RU000A0ZZ083;1000;99.3;24.09.2019;34.65;08.03.2033
RU000A1002L3;1000;101.2;05.08.2019;42.38;16.01.2034
RU000A100AB2;1000;101.15;22.10.2019;42.13;04.04.2034
RU000A0JVUX1;1000;104.69;15.10.2019;41.64;11.10.2022
RU000A0JW9G0;1000;97.45;12.09.2019;34.65;09.03.2023
RU000A0JWG05;1000;100.94;31.10.2019;42.13;27.04.2023
RU000A0JWPL4;1000;100.95;06.08.2019;42.63;01.08.2023
RU000A0JURT7;1000;94.2;30.07.2019;70;29.07.2022
RU000A0JWC74;1000;99.1;02.07.2019;17.83;30.03.2021
RU000A0JVFJ1;1000;101.69;28.08.2019;24.18;27.05.2020
RU000A0ZYG37;1000;100.45;19.11.2019;53.6;09.11.2027
RU000A0JXLM9;1000;99.9;19.09.2019;47.37;17.03.2022
RU000A0ZZXD4;1000;0;10.12.2019;51.11;28.11.2028
RU000A0JUA45;1000;100.49;11.11.2019;44.88;06.11.2023
RU000A0JWCW9;1000;99;10.10.2019;74.79;02.04.2026
RU000A0JUL18;1000;100;22.10.2019;42.38;21.04.2020
RU000A0ZYPB7;1000;100.05;25.07.2019;31.79;19.01.2023
RU000A0ZZNM6;1000;100.1;03.07.2019;31.79;20.09.2028
RU000A100584;1000;99.9;04.09.2019;31.79;15.02.2034
RU000A0JWVS7;1000;100.5;10.10.2019;48.62;10.10.2019
RU000A0ZYW94;1000;103;02.09.2019;34.9;04.03.2020
RU000A0JX314;1000;102.2;23.09.2019;23.06;25.12.2021
RU000A0JVP39;1000;0;01.08.2019;56.05;18.07.2030
RU000A0JVZC4;1000;100.5;25.11.2019;46.12;23.11.2020
RU000A0JVHX8;1000;101.96;13.12.2019;44.88;12.06.2020
RU000A0ZZ7G1;1000;0;21.11.2019;42.48;05.05.2033
RU000A0ZZ7H9;1000;0;21.11.2019;42.48;05.05.2033
RU000A0ZZ885;1000;100.85;26.11.2019;43.23;10.05.2033
RU000A0ZZ877;1000;100.96;26.11.2019;43.23;10.05.2033
RU000A0ZZ893;1000;100.2;26.11.2019;43.23;10.05.2033
RU000A0JW126;1000;0;19.12.2019;51.81;05.12.2030
RU000A0JX1C5;1000;0;09.12.2019;49.46;24.11.2031
RU000A0JX2B5;1000;0;17.12.2019;48.02;02.12.2031
RU000A1003C0;1000;100.98;09.08.2019;44.88;04.02.2022
RU000A1007V1;1000;100.6;28.06.2019;21.82;25.03.2022
RU000A100FR7;1000;100.8;13.09.2019;21.82;10.06.2022
RU000A0ZZWQ8;1000;0;06.12.2019;110;02.12.2033
RU000A0ZYDA5;1000;100.22;17.10.2019;51.11;17.10.2019
RU000A0ZZXP8;1000;99.53;11.12.2019;52.36;09.12.2020
RU000A100FZ0;10000;100.2;18.07.2019;123.29;02.06.2022
RU000A0JUN81;100;101.47;29.08.2019;2.74;27.11.2019
RU000A0JVKF9;550;105.4;05.08.2019;32.09;23.06.2021
RU000A0JWZM1;1000;0;21.08.2019;23.68;16.11.2022
RU000A0JXUD9;1000;102;25.06.2019;20.94;25.06.2024
RU000A0JX3H0;1000;100.99;13.12.2019;62.88;13.12.2019
RU000A0JX2L4;1000;0;19.12.2019;49.86;10.12.2026
RU000A0JXS34;1000;100.59;10.12.2019;43.63;07.06.2022
RU000A0ZYL22;1000;101.2;18.09.2019;21.69;18.12.2024
RU000A0JXPU3;1000;101.79;24.10.2019;54.35;21.04.2022
RU000A0JX2S9;1000;105.79;20.09.2019;26.18;17.12.2021
RU000A0ZYKU8;1000;98.34;17.09.2019;19.72;17.12.2024
RU000A0ZZYL5;1000;100.09;16.12.2019;64.82;11.12.2023
RU000A0ZZSW4;1000;103.07;19.08.2019;22.56;11.11.2024
RU000A0ZYAQ7;1000;100.65;04.07.2019;14.44;25.10.2022
RU000A0ZZ1F6;1000;99.72;15.07.2019;13.59;10.05.2023
RU000A0JUWJ8;100;103.5;20.07.2019;3.05;08.04.2020
RU000A0ZYCZ4;1000;99.4;08.08.2019;19.95;15.10.2023
RU000A0ZZZV1;1000;0;26.06.2019;21.07;24.12.2025
RU000A0JXTH2;336;102.44;11.09.2019;11.31;10.06.2020
RU000A0ZYB40;1000;101.33;25.06.2019;20.44;26.09.2024
RU000A0ZZXZ7;1000;0;13.09.2019;21.19;05.12.2025
RU000A0JVDF4;1000;0;21.08.2019;45.87;16.08.2023
RU000A0JVZJ9;923.08;100;30.11.2019;96.66;30.11.2030
RU000A0JWGW0;923.08;100;15.05.2020;98.96;17.03.2031
RU000A0JWVB3;1000;0;04.10.2019;104.71;07.04.2031
RU000A0JXP29;1000;100;21.04.2020;107.21;07.06.2031
RU000A0ZYHU4;1000;0;03.12.2019;104.71;10.08.2031
RU000A0JXN62;1000;100;07.04.2020;97.23;06.04.2032
RU000A0ZYH51;1000;100;28.11.2019;94.74;11.11.2032
RU000A0ZZR58;1000;0;30.10.2019;105;31.01.2033
RU000A100EM1;1000;0;05.06.2020;115;01.05.2033
RU000A0JVS10;450;101.01;10.09.2019;14.25;10.09.2019
RU000A0JVWM0;1000;101.63;30.07.2019;29.17;29.10.2019
RU000A0JWXF0;1000;104.5;30.10.2019;48.62;25.10.2023
RU000A0ZYCM2;1000;99;11.07.2019;19.57;03.10.2024
RU000A0ZYFB8;1000;99.01;08.08.2019;19.55;31.10.2024
RU000A0ZZC48;1000;98.98;28.07.2019;18.84;26.06.2025
RU000A0ZZM87;1000;101.7;20.09.2019;21.69;12.09.2025
RU000A0JXYS9;1000;102.99;16.08.2019;21.44;09.08.2024
RU000A0ZZ8X4;1000;99;03.09.2019;19.02;03.06.2025
RU000A0JVZK7;1000;0;29.11.2019;52.06;21.11.2025
RU000A0JVYK0;1000;0;19.11.2019;62.98;11.11.2025
RU000A0ZYCD1;1000;99.9;19.07.2019;19.85;12.10.2025
RU000A0ZZCV0;1000;99.94;11.07.2019;34.9;08.07.2021
RU000A0JWU98;1000;102.9;26.06.2019;26.8;22.09.2021
RU000A0JXPM0;1000;102.16;24.07.2019;24.06;20.04.2022
RU000A0ZYBV5;1000;101.57;02.07.2019;22.44;27.09.2022
RU000A0ZZ8U0;1000;96;02.12.2019;34.9;22.05.2028
RU000A0JUYJ4;1000;100;01.11.2019;34.9;29.10.2021
RU000A0ZYHW0;1000;103.23;02.09.2019;37.4;22.11.2027
RU000A0ZZNV7;1000;101.7;07.10.2019;69.81;04.10.2021
RU000A0JV2J0;200;104.47;10.09.2019;6.41;07.12.2021
RU000A0JTR72;1000;123;03.09.2019;0.5;03.03.2020
RU000A0JTR80;1000;102.51;03.09.2019;0.5;03.03.2020
RU000A0JTQB9;1000;94.76;27.08.2019;0.5;25.02.2020
RU000A0JXRX3;1000;102.99;26.11.2019;43.38;26.05.2020
RU000A100782;1000;101;25.09.2019;43.13;14.03.2029
RU000A0JVP05;1000;98.3;01.08.2019;36.15;24.07.2025
RU000A0JVRN8;1000;103.95;05.09.2019;34.9;28.08.2025
RU000A0JVLM3;1000;0;17.07.2019;40.89;09.07.2025
RU000A0JX3A5;1000;99.5;25.06.2019;42.38;21.12.2021
RU000A0ZYU39;1000;103.63;21.08.2019;58.34;15.02.2023
RU000A0ZZR33;1000;100.75;30.07.2019;21.37;21.10.2025
RU000A0JTVZ8;450;101;19.07.2019;8.29;17.04.2020
RU000A0JWLG3;890;102.9;19.09.2019;26.29;17.06.2021
RU000A0ZYA66;1000;100.09;13.09.2019;22.31;09.09.2022
RU000A0JXLU2;1000;100.06;20.06.2027;8.68;20.06.2027
RU000A0ZZAR2;1000;100.09;;0;24.06.2019
RU000A0ZZDQ8;1000;100.49;18.07.2019;44.88;18.07.2019
RU000A1001K7;1000;101.29;23.07.2019;42.38;21.01.2020
RU000A1004R6;1000;101.2;28.08.2019;41.14;26.02.2020
RU000A100AM9;1000;101.35;25.07.2019;41.14;23.04.2020
RU000A0JNYN1;1000;95.28;11.12.2019;30.08;11.06.2022
RU000A0JU5W7;1000;0;19.11.2019;37.4;18.05.2021
RU000A0JVF98;1000;0;30.06.2019;19.95;10.05.2030
RU000A0JVLA8;1000;106;30.06.2019;18.7;19.06.2030
RU000A0JVWN8;1000;106.82;29.10.2019;59.09;21.10.2025
RU000A0JWBF6;1000;104.75;24.09.2019;54.6;17.03.2026
RU000A0JW5H6;1000;119.07;22.08.2019;59.34;12.02.2026
RU000A0JWBE9;1000;104.65;24.09.2019;54.6;17.03.2026
RU000A100B73;1000;100.02;28.10.2019;44.13;16.04.2029
RU000A0JS5B5;1000;77.6;09.09.2019;0.05;07.03.2022
RU000A0JTLJ3;1000;98.5;02.08.2019;38.15;27.01.2023
RU000A0JTLL9;1000;98.4;02.08.2019;38.15;27.01.2023
RU000A0JS5A7;1000;99.99;09.09.2019;0.05;07.03.2022
RU000A0JS5L4;1000;83;12.09.2019;0.05;10.03.2022
RU000A0JVA77;1000;90;13.09.2019;46.12;07.03.2025
RU000A0JU898;1000;101.29;25.09.2019;51.67;25.03.2020
RU000A0JUQQ5;1000;100.2;10.07.2019;42.15;10.07.2019
RU000A0JUQR3;1000;100.03;10.07.2019;45.37;10.07.2019
RU000A100FF2;1000;99.6;11.06.2020;45.12;11.06.2022
RU000A1001T8;1000;104.98;25.06.2019;35.4;12.01.2029
RU000A0ZZZQ1;1000;100.75;28.06.2019;7.73;28.03.2034
RU000A0JWN63;1000;100.22;16.07.2019;57.34;07.07.2026
RU000A0JWN89;1000;103.9;07.08.2019;55.6;29.07.2026
RU000A1005H4;1000;101.15;04.09.2019;43.13;26.02.2025
RU000A100AN7;1000;100.5;23.10.2019;42.13;16.04.2025
RU000A0JUUU9;1000;100.05;19.09.2019;41.39;12.09.2024
RU000A0JWJX2;1000;0;03.12.2019;41.88;26.05.2026
RU000A0JWNK1;1000;101.45;25.07.2019;48.12;16.07.2026
RU000A0JXJS0;1000;100.99;26.08.2019;45.62;15.02.2027
RU000A0JXR50;1000;101.4;14.11.2019;42.63;06.05.2027
RU000A100AD8;1000;100.85;22.10.2019;42.13;18.10.2022
RU000A0JVYM6;1000;0;19.11.2019;57.74;11.11.2025
RU000A0JWR51;1000;0;23.08.2019;46.47;14.08.2026
RU000A0JVYL8;1000;0;19.11.2019;57.74;11.11.2025
RU000A0JWR44;1000;0;23.08.2019;46.47;14.08.2026
RU000A0ZZ1Y7;1000;93.7;08.10.2019;34.65;28.03.2028
RU000A0JXVT3;1000;0;05.07.2019;23.04;01.07.2022
RU000A0ZZUR0;884.62;100.53;19.07.2019;10;09.05.2021
RU000A100DC4;1000;100.07;26.06.2019;10.48;30.04.2024
RU000A0JS5R1;1000;98.96;19.09.2019;34.9;17.03.2022
RU000A0JS603;1000;99.5;15.08.2019;37.4;11.08.2022
RU000A0JXEV5;1000;102.7;09.08.2019;44.88;04.02.2022
RU000A0JXMH7;1000;101.65;26.09.2019;44.13;25.03.2021
RU000A0ZYFC6;1000;99.15;07.11.2019;38.39;03.11.2022
RU000A0JR4J2;1000;104;05.11.2019;39.39;03.11.2020
RU000A0ZYWX7;1000;98.7;04.09.2019;35.4;01.09.2021
RU000A0ZYWY5;1000;96.1;04.09.2019;36.15;26.02.2025
RU000A100238;1000;102.51;30.07.2019;21.69;23.01.2024
RU000A100A58;1000;102;22.07.2019;20.94;17.10.2022
RU000A100A66;1000;103.25;22.07.2019;21.44;14.10.2024
RU000A0JTTA5;1000;99.4;25.09.2019;34.16;22.03.2023
RU000A0JWRV9;1000;99.8;30.08.2019;39.14;15.08.2031
RU000A0JY031;1000;102.29;28.08.2019;21.44;21.08.2024
RU000A1002U4;1000;103;06.08.2019;43.38;01.02.2022
RU000A1004G9;1000;100.71;27.08.2019;42.38;23.02.2021
RU000A0ZYJX4;1000;99.9;06.09.2019;34.9;04.12.2020
RU000A0ZYL48;1000;105;18.09.2019;19.95;25.12.2022
RU000A0JWKA8;1000;106.2;06.09.2019;24.68;29.05.2026
RU000A0ZYC98;1000;99.98;07.10.2019;39.14;03.10.2022
RU000A0ZYTM6;1000;99.43;19.08.2019;35.9;15.02.2021
RU000A1002P4;1000;101.84;05.08.2019;42.63;31.01.2022
RU000A1006G4;1000;103.7;16.09.2019;44.38;11.03.2024
RU000A1006H2;1000;0;16.09.2019;44.38;11.03.2024
RU000A1009A1;1000;0;14.10.2019;44.38;06.04.2026
RU000A0JXT58;1000;100.84;09.09.2019;43.63;01.03.2027
RU000A0JUG56;1000;99.98;22.10.2019;0.05;16.04.2024
RU000A0JUG72;1000;100;23.10.2019;0.05;16.04.2025
RU000A0JUG80;1000;99.9;26.11.2019;0.05;19.11.2024
RU000A0JUG98;1000;100.49;14.11.2019;40.64;06.11.2025
RU000A0JTD37;1000;26.55;;0;28.11.2019
RU000A0JVF56;1000;96.76;21.11.2019;37.4;21.05.2020
RU000A0ZZL05;1000;100.02;09.09.2019;37.4;04.09.2023
RU000A0JVE40;1000;100.08;07.11.2019;49.86;07.05.2020
RU000A0JQ8V9;450;100;18.07.2019;11.92;15.07.2021
RU000A0JR0K8;400;100.72;27.08.2019;23.68;25.02.2020
RU000A0JR0J0;400;100.64;27.08.2019;23.68;25.02.2020
RU000A0JR8L9;1000;105;13.08.2019;39.89;09.02.2021
RU000A0JR8P0;1000;96.75;13.08.2019;39.89;09.02.2021
RU000A0JRJS2;400;98;28.11.2019;19.4;27.05.2021
RU000A0JRJT0;400;97.21;28.11.2019;19.4;27.05.2021
RU000A0JRJY0;400;97.46;03.12.2019;19.4;01.06.2021
RU000A100GK0;1000;100.29;19.07.2019;10.96;19.06.2022
RU000A0JWF22;1000;100.45;25.10.2019;45.87;23.04.2021
RU000A0JWRH8;1000;0;27.08.2019;54.85;24.08.2021
RU000A0JVV49;600;103.5;17.07.2019;20.57;14.10.2020
RU000A0JWSQ7;1000;103.68;06.09.2019;29.17;03.09.2021
RU000A0JX0B9;1000;104.95;27.08.2019;24.06;21.11.2023
RU000A0ZYML3;1000;99.4;27.06.2019;18.7;22.12.2022
RU000A0ZZAE0;1000;100.64;16.07.2019;11.1;10.06.2020
RU000A0ZZGZ2;1000;100.64;16.07.2019;11.1;04.08.2021
RU000A1006B5;1000;100.07;13.07.2019;11.1;17.02.2024
RU000A0ZYF61;900;99.31;08.08.2019;17.5;07.11.2024
RU000A1004Z9;10000;101.03;29.06.2019;123.29;12.08.2022
RU000A0ZZZ17;1000;105.99;19.12.2019;48.62;07.12.2028
RU000A0ZYJ00;1000;99.6;03.09.2019;20.19;05.12.2022
RU000A0ZYTZ8;1000;98.19;20.08.2019;36.15;14.02.2023
RU000A1004A2;1000;100.75;22.08.2019;43.88;15.02.2024
RU000A0JQ5C5;1000;0;06.05.2029;1000.55;06.05.2029
RU000A100303;10000;100.61;06.07.2019;110.96;11.01.2024
RU000A0JVS93;1000;100;17.09.2019;49.86;15.09.2020
RU000A0JVH05;1000;100;11.12.2019;2.51;11.06.2020
RU000A0JU0U2;1000;100;18.07.2019;42.15;18.07.2023
RU000A0JQYU9;1000;99.97;23.07.2019;0.05;21.07.2020
RU000A0JRJV6;1000;92.79;03.12.2019;49.86;01.06.2021
RU000A0JRK22;1000;92;06.12.2019;49.86;04.06.2021
RU000A0JVPR3;600;103.8;25.08.2019;19.67;23.08.2020
RU000A0JWLD0;1000;107.4;17.07.2019;25.55;22.06.2023
RU000A0ZYDQ1;1000;99.95;22.07.2019;20.19;23.10.2022
RU000A0ZZUT6;1000;100.49;22.08.2019;21.64;24.05.2024
RU000A0JU3B6;350;100.49;19.08.2019;13.73;26.08.2020
RU000A0JVJ45;1000;98.98;13.12.2019;39.39;12.06.2020
RU000A0ZZPB4;1000;106;21.07.2019;21.37;15.10.2023
RU000A0JU1T2;250;100.45;24.07.2019;5.2;22.07.2020
RU000A0JVUD3;550;109.2;27.06.2019;18.05;10.10.2022
RU000A0JWHW8;900;104.51;17.07.2019;23.45;28.05.2026
RU000A0ZYH93;1000;100.51;22.07.2019;19.36;27.11.2027
RU000A0JUR46;250;101.16;13.07.2019;7.11;08.10.2019
RU000A0JWUV3;1000;108;17.07.2019;22.26;03.10.2021
RU000A0ZYBD3;1000;100;18.07.2019;19.57;27.09.2022
RU000A0JW5C7;1000;111.72;16.08.2019;57.84;06.02.2026
RU000A0JUZN3;1000;0;12.11.2019;42.38;10.11.2020
RU000A1009Z8;1000;100.8;19.07.2019;23.31;06.04.2029
RU000A0JXQH8;1000;101.85;01.08.2019;23.81;29.04.2021
RU000A0JVD17;1000;101.55;22.10.2019;52.36;21.04.2020
RU000A0JWCK4;1000;101.45;08.10.2019;48.12;06.04.2021
RU000A0JRA65;1000;100;03.09.2019;39.89;17.03.2020
RU000A0ZZWJ3;1000;100.1;03.07.2019;11.3;12.02.2023
RU000A0ZZYP6;1000;100.19;16.07.2019;11.3;25.02.2023
RU000A100CG7;1000;100.04;21.07.2019;11.68;22.05.2024
RU000A0JUU25;1000;102;10.09.2019;61.08;10.09.2019
RU000A0JUBD5;1000;99;27.11.2019;49.36;24.11.2021
RU000A0ZZ1H2;1000;98.5;04.10.2019;34.65;31.03.2023
RU000A0JVYN4;1000;97.74;19.11.2019;34.65;17.11.2020
RU000A0JVYP9;1000;98.7;19.11.2019;34.65;17.11.2020
RU000A0JWK74;1000;109.72;06.12.2019;53.6;10.06.2026
RU000A0JWDA3;1000;101.79;09.10.2019;43.88;17.04.2023
RU000A0JWDB1;1000;0;20.12.2019;57.34;26.06.2024
RU000A0JWDC9;1000;0;11.10.2019;39.89;24.04.2020
RU000A0JTV50;1000;100.23;07.10.2019;39.89;03.04.2023
RU000A0JXVY3;1000;100.26;17.07.2019;74.79;15.07.2020
RU000A0JX8E6;2000000;0;25.07.2019;68810.96;20.01.2022
RU000A0JWWQ9;400;100.97;23.07.2019;9.87;26.10.2019
RU000A0JUX89;200;101.5;16.07.2019;6.13;15.10.2019
RU000A0JWX87;1000;102.45;30.07.2019;23.19;01.11.2021
RU000A100CT0;1000;99.99;22.08.2019;38.64;19.05.2022
RU000A0JUPE3;150;104.69;16.09.2019;4.11;14.06.2021
RU000A0JVM81;1000;120.79;11.07.2019;34.9;03.07.2025
RU000A0ZYKH5;1000;100.01;12.09.2019;20.39;02.12.2027
RU000A0ZYGM3;1000;99.9;27.06.2019;20.69;26.11.2022
RU000A0JU872;1000;99.69;31.10.2019;40.33;11.11.2023
RU000A0JU0N7;1000;54.54;24.09.2019;0.05;24.09.2025
RU000A0JRZ74;1000;55.67;16.07.2019;0.05;16.07.2025
RU000A0JUFP0;1000;95.99;09.08.2019;0.05;07.02.2020
RU000A0JV1D5;1000;87.43;04.12.2019;0.05;02.12.2020
RU000A0JV5R6;1000;86.9;22.07.2019;0.05;18.01.2021
RU000A0JV573;1000;82.38;18.07.2019;0.05;13.01.2022
RU000A0JUFQ8;1000;93.19;27.09.2019;0.5;26.03.2021
RU000A0JVBN2;1000;93.03;27.09.2019;0.5;26.03.2021
RU000A0JVFS2;1000;83;04.12.2019;0.05;02.06.2021
RU000A0JVFX2;1000;84;04.12.2019;0.05;02.06.2021
RU000A0JVGJ9;1000;80.67;04.12.2019;0.05;02.06.2021
RU000A0JVGK7;1000;83.6;04.12.2019;0.05;02.06.2021
RU000A0JVBS1;1000;84.12;27.11.2019;0.05;26.05.2021
RU000A0JV3L4;1000;100.5;25.06.2019;50.36;04.05.2023
RU000A0JV5U0;1000;87;22.07.2019;0.05;18.01.2021
RU000A0JXTN0;1000;103.61;17.06.2020;121.83;17.06.2020
RU000A100EW0;1000;0;05.06.2020;0.1;05.06.2022
RU000A0JVC59;1000;101.66;07.04.2020;100.72;16.04.2023
RU000A0JVC67;1000;95.7;08.10.2019;0.05;07.04.2020
RU000A0JXLR8;1000;101.56;30.09.2019;50.92;10.04.2023
RU000A0JS264;1000;0.01;19.12.2019;298.43;10.12.2026
RU000A0JT3J2;1000;1.68;27.12.2019;240.36;17.09.2027
RU000A0JTH82;1000;10;18.12.2019;269.81;08.12.2027
RU000A0JTX09;1000;0.01;05.11.2019;281.63;25.04.2028
RU000A0JU2N3;1000;0.01;07.11.2019;257.99;27.07.2028
RU000A0JVPJ0;1000;0.01;11.02.2020;305.06;05.08.2025
RU000A0JVDR9;1000;0.01;31.10.2019;298.43;20.04.2028
RU000A0JURM2;1000;2.5;22.01.2020;305.06;14.07.2027
RU000A0JUWV3;1000;17.88;10.10.2019;311.89;30.09.2027
RU000A0JVP21;1000;9.9;30.01.2020;305.06;20.07.2028
RU000A0JWX46;1000;0;25.10.2019;270.93;03.10.2036
RU000A0JXTG4;1000;28.4;11.12.2019;269.81;26.05.2032
RU000A0JXYE9;1000;0;03.02.2020;305.06;23.07.2029
RU000A0JXYG4;1000;0;03.02.2020;305.06;23.07.2029
RU000A0JXYH2;1000;0;03.02.2020;305.06;22.07.2030
RU000A0JVW22;1000;106.85;23.10.2019;59.84;15.10.2025
RU000A0JVWT5;1000;110.3;31.10.2019;58.84;23.10.2025
RU000A0JVRL2;1000;19;15.08.2035;91.55;15.08.2035
RU000A0JVVL4;1000;18.7;28.09.2035;94.09;28.09.2035
RU000A0JVXX5;1000;0;19.10.2035;94.09;19.10.2035
RU000A0JWM15;1000;20.95;04.06.2036;96.63;04.06.2036
RU000A0JXGV0;329;8.26;14.02.2032;25.17;14.02.2032
RU000A0JUT85;1000;78.36;04.08.2034;87.58;04.08.2034
RU000A0JVM32;1000;21.93;21.06.2035;92.72;21.06.2035
RU000A0JWP38;1000;100.99;12.09.2019;64.82;03.09.2026
RU000A0JWSU9;1000;0;12.09.2019;64.82;03.09.2026
RU000A0JWSV7;1000;0;12.09.2019;64.82;03.09.2026
RU000A0JWP46;1000;100.38;02.08.2019;64.82;24.07.2026
RU000A0JXK40;1000;102.75;30.08.2019;64.82;25.02.2022
RU000A0JXQ93;1000;104.05;26.07.2019;28.05;22.04.2022
RU000A0JXY44;1000;105.75;02.08.2019;26.8;29.07.2022
RU000A0ZZ1M2;1000;0;04.10.2019;41.14;24.03.2028
RU000A0ZZAW2;1000;99.86;26.06.2019;45.87;23.06.2021
RU000A0ZZBJ7;1000;98.8;28.06.2019;43.38;25.06.2021
RU000A0JWWG0;1000;96.45;19.07.2019;37.4;15.10.2021
RU000A0JW0S4;1000;106;17.12.2019;65.32;09.12.2025
RU000A0JW5E3;1000;106.4;16.08.2019;65.32;06.02.2026
RU000A0JWBP5;1000;105.75;25.09.2019;62.33;18.03.2026
RU000A0ZZFP5;1000;100.89;07.08.2019;32.41;04.08.2021
RU000A0ZZX35;1000;100.18;09.09.2019;31.16;06.12.2021
RU000A0ZZ8A2;50000;101.9;24.07.2019;616.44;04.05.2023
RU000A0ZZAT8;1000;100.2;21.07.2019;10.07;31.05.2023
RU000A1006C3;1000;99.98;13.07.2019;11.51;21.01.2029
RU000A0ZZ547;1000;100.15;26.07.2019;29.92;23.04.2021
RU000A0JWK66;1000;80;05.09.2019;0.02;03.06.2021
RU000A0JWYK8;1000;99.2;08.11.2019;44.88;05.11.2021
RU000A0JXPJ6;1000;0;22.10.2019;72.3;18.04.2023
RU000A0JVMD0;1000;108;11.07.2019;60.33;03.07.2025
RU000A0JVM99;1000;108.81;11.07.2019;60.33;03.07.2025
RU000A0JVMB4;1000;107.6;11.07.2019;60.33;03.07.2025
RU000A0JX2V3;1000;0;08.12.2019;25;17.11.2023
RU000A0JXRD5;1000;101.3;19.11.2019;42.63;11.05.2027
RU000A0JXS59;1000;101.49;27.11.2019;42.13;19.05.2027
RU000A0ZZ5H3;1000;99.21;04.11.2019;38.39;24.04.2028
RU000A0ZZ5J9;1000;99.44;04.11.2019;38.39;24.04.2028
RU000A1008Y3;1000;101.25;08.10.2019;42.13;27.03.2029
RU000A0JT8T0;1000;100.84;18.10.2019;46.62;18.10.2019
RU000A0JVZY8;1175.03;0;11.12.2019;16.12;06.12.2023
RU000A0JWGV2;1000;102.3;14.11.2019;41.88;07.05.2026
RU000A0JWTL6;1000;100.35;19.09.2019;46.62;10.09.2026
RU000A0JXMP0;1000;102.05;30.09.2019;44.38;22.03.2027
RU000A0JURP5;1000;94.3;30.07.2019;70;29.07.2022
RU000A1004L9;1000;101.02;30.09.2019;55.96;31.03.2028
RU000A0JTER1;1000;99.9;26.08.2019;59.92;26.12.2019
RU000A0JW4F3;1000;100;27.01.2031;217.08;27.01.2031
RU000A0JURQ3;1000;93.1;30.07.2019;70;30.07.2019
RU000A0JUVF8;1000;100.86;02.10.2019;42.37;02.10.2019
RU000A0JUVG6;1000;101.1;28.09.2019;51.42;28.03.2021
RU000A0JWEU9;1000;102.55;21.10.2019;50.61;19.04.2021
RU000A0JVUB7;1000;100;04.10.2019;64.82;02.10.2020
RU000A0JXC40;1000;103.5;02.08.2019;0;23.01.2026
RU000A0JXRB9;1000;102;19.11.2019;0;14.05.2024
RU000A0JWWX5;1000;98.43;24.10.2019;53.6;21.10.2021
RU000A0JWWJ4;1000;0;18.10.2019;46.12;15.10.2021
RU000A0JWWH8;1000;0;18.10.2019;46.12;15.10.2021
RU000A0JTTV1;1000;100;27.09.2019;0.5;24.03.2023
RU000A0JU6M6;1000;99.91;26.09.2019;47.87;21.09.2023
RU000A0JWPF6;400;0;05.08.2019;23.93;27.07.2026
RU000A0JVUS1;1000;105.15;11.10.2019;47.37;03.10.2025
RU000A0JVXS5;1000;100;07.11.2019;47.87;30.10.2025
RU000A0JWVT5;1000;112.72;11.10.2019;62.83;02.10.2026
RU000A1004S4;1000;101.9;29.08.2019;48.37;24.02.2022
RU000A100F95;1000;100.77;10.12.2019;46.37;08.06.2021
RU000A0ZYU05;1000;97.07;20.08.2019;36.4;01.02.2033
RU000A0ZZ4P9;1000;97.97;21.10.2019;36.15;04.04.2033
RU000A0ZZ9R4;1000;97.2;12.12.2019;36.4;26.05.2033
RU000A0ZZGT5;1000;103.25;15.08.2019;39.84;03.08.2028
RU000A0ZZRY2;1000;104.18;01.11.2019;39.89;14.10.2033
RU000A0ZZX19;1000;104.5;06.12.2019;43.63;03.06.2022
RU000A0ZZXL7;1000;0;12.11.2019;43.63;10.05.2022
RU000A1002C2;1000;103.2;02.08.2019;43.38;26.01.2024
RU000A1007Z2;1000;0;30.09.2019;45.38;19.03.2029
RU000A1008D7;1000;106.01;15.11.2019;56.1;04.05.2029
RU000A1009L8;1000;0;17.07.2019;21.94;07.04.2027
RU000A0JVY04;1000;0;11.11.2019;26.43;15.10.2040
RU000A0JXN05;1000;102.88;03.12.2019;43.38;18.05.2032
RU000A0JXQ44;1000;101.65;24.10.2019;42.38;02.04.2037
RU000A0JXR84;1000;101;14.11.2019;41.88;23.04.2037
RU000A0JXZB2;1000;101.7;15.08.2019;41.14;29.07.2032
RU000A0JVW71;1000;104;24.10.2019;55.85;16.10.2025
RU000A0JWD57;1000;0;11.10.2019;51.36;03.04.2026
RU000A0JWC82;1000;101.97;02.10.2019;51.36;25.03.2026
RU000A0JTZM7;1000;0;19.12.2019;30.42;08.06.2028
RU000A0JUCG6;1000;0;11.12.2019;30.92;29.11.2028
RU000A0JXJK7;1000;102.75;21.08.2019;43.13;04.02.2032
RU000A0JU542;1000;0;05.09.2019;29.92;18.08.2033
RU000A0JU7B7;1000;0;07.10.2019;30.92;19.09.2033
RU000A0JVJS4;1000;0;17.12.2019;30.92;29.05.2035
RU000A0JU9M0;1000;0;04.11.2019;31.41;11.10.2038
RU000A0JUX71;1000;0;15.10.2019;30.92;20.09.2039
RU000A0JWHU2;1000;105;22.11.2019;49.12;26.04.2041
RU000A0JTY57;1000;0;27.11.2019;30.92;29.04.2043
RU000A0JUPZ8;1000;0;20.12.2019;30.42;20.05.2044
RU000A0JQ7X7;1000;100.09;15.07.2019;42.13;15.07.2019
RU000A0JQ7Z2;1000;99.98;15.07.2019;36.15;08.07.2024
RU000A0JQRD9;1000;99.95;25.07.2019;36.15;16.01.2025
RU000A0JTU85;1000;100.34;01.10.2019;40.89;21.03.2028
RU000A0JUAH8;1000;100;19.11.2019;38.15;07.11.2028
RU000A0JSGV0;1000;94.2;12.07.2019;29.42;25.06.2032
RU000A0JVB19;1000;0;24.09.2019;26.43;28.02.2040
RU000A0JVB27;1000;0;24.09.2019;26.43;28.02.2040
RU000A0JVKH5;1000;0;26.06.2019;17.45;30.05.2040
RU000A0JX1S1;1000;100.8;12.12.2019;46.87;27.11.2031
RU000A0JWLU4;1000;0;25.06.2019;48.37;22.05.2046
RU000A0JWMJ5;1000;100;08.07.2019;39.61;09.07.2021
RU000A0JXNV6;1000;101;16.10.2019;47.38;16.04.2020
RU000A0ZYCQ3;1000;100.25;14.10.2019;42.37;14.10.2020
RU000A0ZZUK5;1000;102.48;21.11.2019;46.38;22.11.2021
RU000A1003Q0;1000;102.25;16.08.2019;45.88;16.02.2022
RU000A100A90;1000;101.6;23.10.2019;44.62;25.04.2022
RU000A1005Y9;1000;103.7;10.09.2019;26.05;08.03.2022
RU000A100ER0;1000;100.8;04.12.2019;45.38;01.12.2021
RU000A0JVT43;1000;100.65;23.09.2019;51.11;15.09.2025
RU000A0JVZA8;1000;100.25;22.11.2019;48.62;14.11.2025
RU000A0ZZCX6;1000;0;11.07.2019;45.48;30.12.2027
RU000A0ZZZY5;1000;0;26.06.2019;48.62;13.12.2028
RU000A0JVYG8;1000;100.1;19.11.2019;41.39;11.11.2025
RU000A0ZZYS0;1000;0;19.06.2020;150.14;17.06.2031
RU000A0JUAG0;1000;99.95;19.11.2019;52.11;11.11.2025
RU000A0JWLJ7;1000;104.95;20.12.2019;72.3;18.06.2021
RU000A0ZYA74;1000;101.66;13.09.2019;66.07;11.09.2020
RU000A0ZYLB6;1000;99.97;19.12.2019;54.85;17.12.2020
RU000A0JWQX7;1000;99.93;22.08.2019;44.88;22.08.2019
RU000A0JXN13;1000;102.4;04.10.2019;59.84;01.04.2022
RU000A0ZZ4T1;1000;90.31;23.10.2019;44.88;24.06.2019
RU000A0JWMZ1;1000;129.9;12.07.2019;72.3;24.06.2019
RU000A0JWN22;1000;129.9;15.07.2019;72.3;24.06.2019
RU000A0JWV63;1000;114.01;02.10.2019;71.05;24.06.2019
RU000A0ZZ505;1000;90.22;24.10.2019;44.88;24.06.2019
RU000A0JQS09;1000;101;31.07.2019;41.39;29.01.2020
RU000A0JQS74;1000;136.99;01.08.2019;41.39;30.01.2020
RU000A0JRMB2;1000;104.98;04.07.2019;38.89;01.07.2021
RU000A0JRMC0;1000;100.1;05.07.2019;38.89;02.07.2021
RU000A0JRLE8;1000;100.02;02.07.2019;38.89;29.06.2021
RU000A0JRVN8;1000;100.22;29.10.2019;39.89;26.10.2021
RU000A0JS6N8;1000;99.5;07.10.2019;41.39;04.04.2022
RU000A0JT7M7;1000;100;15.10.2019;40.89;11.10.2022
RU000A0JT874;1000;98.73;17.10.2019;40.89;13.10.2022
RU000A0JTVJ2;1000;100.97;15.10.2019;41.39;11.04.2023
RU000A0JU1Q8;1000;99.23;23.07.2019;36.9;18.07.2023
RU000A0JU6A1;1000;100;23.09.2019;41.39;18.09.2023
RU000A0JUAD7;1000;101.9;15.11.2019;44.13;10.11.2023
RU000A0JVN56;1000;100;19.07.2019;23.31;11.07.2025
RU000A0JVN64;1000;100;22.07.2019;23.31;14.07.2025
RU000A0JVN98;1000;100.1;23.07.2019;23.31;15.07.2025
RU000A0JW1V6;1000;116;25.06.2019;32.09;21.12.2021
RU000A0JW1Z7;1000;110.7;26.06.2019;32.09;22.12.2021
RU000A0JQK64;1000;99.54;14.11.2019;34.9;14.11.2019
RU000A0JQK72;1000;99.36;14.11.2019;34.9;14.11.2019
RU000A0JXMQ8;1000;101.94;27.09.2019;47.37;25.09.2020
RU000A0JXUC1;1000;100.88;23.12.2019;43.13;21.06.2021
RU000A0ZYBT9;1000;101;01.10.2019;41.88;28.09.2021
RU000A0ZYJ42;1000;100.05;03.12.2019;40.39;09.12.2020
RU000A0ZYXJ4;1000;98.25;11.09.2019;36.9;09.03.2022
RU000A0ZZPZ3;1000;102.57;18.10.2019;44.88;14.10.2022
RU000A0ZZVQ0;1000;0;22.11.2019;52.93;22.11.2038
RU000A1008F2;1000;100.49;03.10.2019;41.64;02.04.2020
RU000A0JUW31;1000;101.01;05.07.2019;27.67;27.09.2024
RU000A0JUW72;1000;100.9;08.07.2019;27.67;30.09.2024
RU000A0JV3R1;1000;101;20.09.2019;21.44;13.12.2024
RU000A0JV987;1000;100.15;22.08.2019;20.69;13.02.2025
RU000A0JV805;1000;111.19;07.08.2019;37.4;29.01.2025
RU000A0JVWB3;1000;100;26.07.2019;19.82;17.10.2025
RU000A0JX2M2;1000;103.5;19.12.2019;32.41;10.12.2026
RU000A100BB0;1000;101.25;28.10.2019;44.88;16.04.2029
RU000A0JRF11;1000;84.95;07.10.2019;0.05;05.04.2021
RU000A0JWDN6;1000;92.92;15.10.2019;0.05;07.04.2026
RU000A0JUUB9;1000;0.25;12.09.2019;52.36;12.09.2019
RU000A0JVNA4;1000;0.15;23.07.2019;39.14;19.07.2022
RU000A0JW2R2;1000;0.38;16.07.2019;39.14;12.01.2021
RU000A0JWE72;1000;0.25;17.10.2019;39.14;15.04.2021
RU000A0JWEP9;1000;0.11;21.10.2019;39.14;19.04.2021
RU000A0JWES3;1000;0.14;22.10.2019;39.14;20.04.2021
RU000A0JWG88;1000;0.12;05.11.2019;39.14;04.05.2021
RU000A0ZZ695;1000;101.47;12.08.2019;34.9;11.05.2020
RU000A1000V6;1000;100;15.08.2019;33.66;13.05.2021
RU000A0ZZV52;805.4;100.44;24.07.2019;8.27;10.11.2021
RU000A0JUV57;1000;97;04.10.2019;10.03;07.10.2024
RU000A0JVSG0;1000;100.25;25.09.2019;5.01;29.09.2025
RU000A0JXUH0;1000;100.9;27.11.2019;43.35;30.06.2020
RU000A0ZYH44;1000;0;30.11.2019;39.36;02.12.2022
RU000A100220;1000;101.9;31.07.2019;44.87;31.01.2022
RU000A100B16;1000;101;26.10.2019;42.62;27.04.2021
RU000A0JX2F6;1000;101.01;20.12.2019;49.13;20.12.2026
RU000A0JX2D1;1000;101.2;20.12.2019;49.13;20.12.2026
RU000A0JWHT4;1000;98.79;27.11.2019;40.33;27.05.2026
RU000A0JVWA5;1000;95;30.10.2019;5.01;30.10.2025
RU000A0JWGS8;1000;97.2;18.11.2019;5.04;18.05.2026
RU000A0JVNB2;1000;96.45;28.07.2019;4.96;28.07.2025
RU000A0JWNB0;1000;100.25;21.07.2019;51.08;21.07.2026
RU000A0JS6M0;1000;101.7;21.10.2019;49.38;21.10.2023
RU000A0JVUY9;1000;95;20.10.2019;5.01;20.10.2025
RU000A0JUV81;1000;103.56;01.10.2019;48.38;01.10.2024
RU000A0JUJG1;1000;107.5;27.06.2019;30.25;27.03.2024
RU000A0JUW23;1000;110.1;10.07.2019;29.72;10.10.2024
RU000A0JWZT6;1000;104.7;24.11.2019;51.87;24.11.2021
RU000A0ZYMD0;1000;99.18;28.06.2019;38.99;28.12.2022
RU000A0ZYBG6;1000;100.75;30.09.2019;41.86;30.09.2020
RU000A0JWUB5;1000;100.46;29.09.2019;49.65;29.09.2026
RU000A0JUL67;1000;100;30.07.2019;0.1;30.04.2024
RU000A0JUL91;1000;100;30.07.2019;0.07;30.04.2024
RU000A0JULA0;1000;100;30.07.2019;0.05;30.04.2024
RU000A0JULC6;1000;100;30.07.2019;0.02;30.04.2024
RU000A0JUQN2;1000;96.65;05.02.2026;700.55;05.02.2026
RU000A0JT940;1000;100.65;21.10.2019;39.39;17.10.2022
RU000A0JT965;1000;99.53;21.10.2019;39.39;17.10.2022
RU000A0JTYL2;1000;95.58;03.12.2019;34.9;30.05.2023
RU000A0JTS06;1000;98;13.09.2019;36.4;10.03.2023
RU000A0JTS22;1000;97.74;13.09.2019;36.4;10.03.2023
RU000A0JTYM0;1000;94.18;03.12.2019;34.9;30.05.2023
RU000A0JTYN8;1000;96.1;03.12.2019;34.9;30.05.2023
RU000A0JUFU0;1000;102.45;13.08.2019;44.38;06.02.2024
RU000A0JUCS1;1000;100.4;16.12.2019;43.63;11.12.2023
RU000A0JUCR3;1000;100.37;16.12.2019;43.63;11.12.2023
RU000A0JUFV8;1000;102.45;13.08.2019;44.38;06.02.2024
RU000A0JX132;1000;100;04.09.2019;19.57;25.11.2026
RU000A0JX355;1000;103.75;20.12.2019;46.82;11.12.2026
RU000A0JX413;1000;0;27.06.2019;47.37;17.12.2026
RU000A0JXQK2;1000;102.22;31.10.2019;43.13;22.04.2027
RU000A0JXR68;1000;0;15.08.2019;21.44;08.05.2025
RU000A0JXXD3;1000;0;24.07.2019;42.38;14.07.2027
RU000A0JXXE1;1000;100.7;24.07.2019;42.38;14.07.2027
RU000A0ZYCP5;1000;0;10.10.2019;39.14;30.09.2027
RU000A0ZYJH7;1000;100.02;04.12.2019;39.14;24.11.2027
RU000A0ZYJJ3;1000;100.02;04.12.2019;39.14;24.11.2027
RU000A0ZYLG5;1000;0;19.12.2019;38.64;09.12.2027
RU000A0ZYT40;1000;98.6;15.08.2019;37.4;03.02.2028
RU000A0ZYVU5;1000;97.5;30.08.2019;36.4;18.02.2028
RU000A1008P1;1000;103.3;05.07.2019;21.69;23.03.2029
RU000A1008Q9;1000;0;05.07.2019;21.69;23.03.2029
RU000A0JV235;1000;100.4;05.12.2019;46.87;28.11.2024
RU000A0JV243;1000;100.4;05.12.2019;46.87;28.11.2024
RU000A0JV250;1000;100.4;05.12.2019;46.87;28.11.2024
RU000A0JV268;1000;100.4;05.12.2019;46.87;28.11.2024
RU000A0JV227;1000;100.4;05.12.2019;46.87;28.11.2024
RU000A0JV276;1000;100;05.09.2019;19.57;03.12.2020
RU000A0JV292;1000;100;05.09.2019;19.57;03.12.2020
RU000A0JV284;1000;100;05.09.2019;19.57;03.12.2020
RU000A0JV763;1000;100;22.07.2019;21.19;18.01.2021
RU000A0JV789;1000;100;22.07.2019;21.19;18.01.2021
RU000A0JV1W5;1000;101.4;05.12.2019;46.87;28.11.2024
RU000A0JV7A8;1000;100;22.07.2019;21.19;18.01.2021
RU000A0JV7D2;1000;100;22.07.2019;21.19;18.01.2021
RU000A0JV7C4;1000;100.02;22.07.2019;21.19;18.01.2021
RU000A0JV7B6;1000;100;22.07.2019;21.19;18.01.2021
RU000A0JV2A9;1000;102.06;05.09.2019;19.57;03.12.2020
RU000A0JV797;1000;100;22.07.2019;21.19;18.01.2021
RU000A0JV771;1000;100;22.07.2019;21.19;18.01.2021
RU000A0JV1X3;1000;106.2;05.12.2019;46.87;28.11.2024
RU000A0JV1Y1;1000;109.93;05.12.2019;46.87;28.11.2024
RU000A0JV201;1000;100.4;05.12.2019;46.87;28.11.2024
RU000A0JV219;1000;105.7;05.12.2019;46.87;28.11.2024
RU000A0JXVM8;1000;101.09;11.07.2019;40.64;07.07.2022
RU000A0JWRM8;1000;0;27.08.2019;45.62;18.08.2026
RU000A0JWRN6;1000;0;27.08.2019;45.62;18.08.2026
RU000A0JVZ94;1000;103;22.11.2019;56.1;14.11.2025
RU000A0JVZP6;1000;0;03.12.2019;51.31;31.10.2045
RU000A0JWTN2;1000;100.2;19.09.2019;45.87;10.09.2026
RU000A0JXPN8;1000;103;23.10.2019;43.13;14.04.2027
RU000A0ZYG52;1000;99.2;19.11.2019;38.39;09.11.2027
RU000A0ZYYE3;1000;97;13.09.2019;35.65;03.03.2028
RU000A100881;1000;102;02.10.2019;42.13;21.03.2029
RU000A0JVFC6;1000;97.5;22.11.2019;38.64;16.05.2025
RU000A0ZZ9X2;1000;100.8;13.09.2019;38.64;12.06.2020
RU000A0ZZWG9;1000;101.96;03.09.2019;42.38;01.12.2020
RU000A0JXTQ3;1000;100.5;13.12.2019;40.89;12.06.2020
RU000A0JRFN1;1000;102.99;14.10.2019;47.37;12.04.2021
RU000A0JRFP6;1000;103.84;14.10.2019;47.37;12.04.2021
RU000A0JTMG7;1000;75.9;08.08.2019;0.5;02.02.2023
RU000A0JTMK9;1000;75.7;08.08.2019;0.5;02.02.2023
RU000A0JVD25;1000;98.19;22.10.2019;37.4;15.04.2025
RU000A0JWPZ4;1000;100.09;12.08.2019;4.96;12.08.2026
RU000A0JXLE6;1000;101;22.09.2019;47.88;23.03.2020
RU000A0JW5J2;1000;100.1;26.08.2019;39.67;26.02.2021
RU000A0JUT69;1000;101.54;22.08.2019;49.61;22.08.2019
RU000A0JRU20;962;98;11.10.2019;39.43;26.09.2031
RU000A0JRU46;962;89.83;11.10.2019;39.43;26.09.2031
RU000A0JWBK6;1000;104.4;24.09.2019;52.36;17.03.2026
RU000A0JWNV8;1000;100.35;31.07.2019;48.12;22.07.2026
RU000A0JWU72;1000;0;25.09.2019;48.12;16.09.2026
RU000A0JXVE5;1000;101;09.07.2019;44.38;05.07.2022
RU000A0JXJM3;1000;0;21.12.2019;42.38;24.06.2019
RU000A0JXJP6;1000;0;20.12.2019;43.63;24.06.2019
RU000A0JVVK6;1000;0;19.07.2019;19.82;10.10.2025
RU000A0JVVP5;1000;0;22.07.2019;19.82;13.10.2025
RU000A0JVVT7;1000;0;23.07.2019;19.82;14.10.2025
RU000A0ZYXM8;1000;0;11.09.2019;74.79;08.03.2023
RU000A0JV0P1;1000;99;22.11.2019;37.65;22.11.2019
RU000A0JVHS8;1000;98;12.12.2019;37.65;11.06.2020
RU000A0JV0Q9;1000;100.04;22.11.2019;37.65;22.11.2019
RU000A0ZYHX8;1000;99.07;04.12.2019;38.39;28.05.2025
RU000A0ZYKJ1;1000;100;13.12.2019;38.15;04.12.2026
RU000A0JRKC4;1000;100.3;13.12.2019;42.38;11.06.2021
RU000A0JRKD2;1000;100;13.12.2019;42.38;11.06.2021
RU000A0JRKM3;1000;100.2;13.12.2019;42.38;11.06.2021
RU000A0JS3M7;1000;102.4;05.08.2019;53.35;31.01.2022
RU000A0JS3L9;1000;105.2;05.08.2019;53.35;31.01.2022
RU000A0JRVU3;1000;103.5;08.10.2019;49.61;05.04.2022
RU000A0ZZG93;1000;100.59;12.08.2019;41.39;09.08.2021
RU000A0JQXR7;1000;90;28.06.2019;0.05;26.06.2020
RU000A0JU336;1000;98.52;15.08.2019;41.14;10.08.2023
RU000A0JWWW7;1000;100.9;23.10.2019;52.36;23.10.2019
RU000A0ZZW44;812.45;100;02.09.2019;20.26;29.11.2021
RU000A0JU2H5;200;100.27;02.08.2019;4.06;31.07.2020
RU000A0JUQP7;300;101.99;04.07.2019;7.48;01.07.2021
RU000A0JVK00;500;103.26;19.09.2019;15.46;18.06.2020
RU000A0JWM56;1000;105.5;28.06.2019;24.03;21.06.2024
RU000A0JXT41;1000;100.41;06.09.2019;20.42;31.05.2024
RU000A0ZZ9P8;1000;97.7;12.09.2019;18.57;04.06.2026
RU000A0JWYJ0;1000;100;09.08.2019;24.93;30.10.2026
RU000A0ZZZZ2;1000;0;27.06.2019;29.92;14.12.2028
RU000A0JXRF0;750;102;20.08.2019;22.44;17.05.2022
RU000A0ZYEM8;1000;104.5;01.08.2019;28.67;27.10.2022
RU000A0ZYME8;1000;0;28.06.2019;23.68;17.12.2021
RU000A0ZYG60;1000;99;28.08.2019;20.19;20.11.2024
RU000A100FG0;1000;0;19.12.2022;47.6;19.12.2022
RU000A100GF0;1000;0;;0;25.11.2019
RU000A100GP9;1000;0;;0;27.09.2019
RU000A0ZZ7U2;1000;103.5;27.06.2021;0.31;27.06.2021
RU000A0ZZAJ9;1000;110.4;01.08.2021;0.31;01.08.2021
RU000A0ZZ5U6;1000;99.5;19.11.2021;0.35;19.11.2021
RU000A0ZZ992;1000;100.4;24.12.2021;0.35;24.12.2021
RU000A0ZZBN9;1000;99.51;07.08.2019;37.9;02.02.2022
RU000A0ZZD88;1000;99.61;17.01.2022;0.35;17.01.2022
RU000A0ZZE38;1000;100.5;07.08.2022;40;07.08.2022
RU000A0ZZE20;1000;99.16;24.07.2019;37.4;18.01.2023
RU000A0ZZFC3;1000;101.3;15.02.2022;0.35;15.02.2022
RU000A0ZZMA3;1000;0;31.03.2022;47.6;31.03.2022
RU000A0ZZEU8;1000;0;19.08.2021;0.31;19.08.2021
RU000A0ZZHD7;1000;106.2;30.08.2022;0.4;30.08.2022
RU000A0ZZKS9;1000;0;15.03.2022;0.35;15.03.2022
RU000A0ZZL54;1000;97.61;14.10.2021;0.31;14.10.2021
RU000A0ZZMB1;1000;100.4;24.03.2022;0.35;24.03.2022
RU000A0ZZP19;1000;0;18.04.2022;0.35;18.04.2022
RU000A0ZZKR1;1000;0;15.03.2022;47.6;15.03.2022
RU000A1001R2;1000;0;24.01.2024;31.02;24.01.2024
RU000A0ZZP35;1000;0;18.04.2022;47.64;18.04.2022
RU000A0ZZTW2;1000;101;20.12.2021;0.31;20.12.2021
RU000A0ZZP27;1000;97.6;11.11.2021;0.31;11.11.2021
RU000A0ZZPE8;1000;97.92;21.04.2022;0.35;21.04.2022
RU000A0ZZQK3;1000;111.2;27.10.2022;0.4;27.10.2022
RU000A0ZZQ18;1000;0;28.04.2022;47.6;28.04.2022
RU000A0ZZRU0;1000;97.1;06.12.2021;0.31;06.12.2021
RU000A0ZZSJ1;1000;0;18.05.2022;47.6;18.05.2022
RU000A0ZZSK9;1000;0;18.05.2022;0.35;18.05.2022
RU000A0ZZTX0;1000;0;06.12.2021;0.31;06.12.2021
RU000A0ZZUX8;1000;0;01.06.2022;47.6;01.06.2022
RU000A0ZZW51;1000;107.5;15.12.2020;0.2;15.12.2020
RU000A0ZZW69;1000;101.1;10.01.2022;0.31;10.01.2022
RU000A0ZZXN3;1000;104.49;27.12.2019;0.1;27.12.2019
RU000A0ZZWX4;1000;0;16.06.2022;47.6;16.06.2022
RU000A0ZZWY2;1000;0;16.06.2022;26.09;16.06.2022
RU000A0ZZZ41;1000;0;30.06.2022;47.6;30.06.2022
RU000A0ZZY83;1000;112.6;28.06.2022;0.35;28.06.2022
RU000A1000J1;1000;101.1;08.08.2022;0.35;08.08.2022
RU000A1001M3;1000;98.39;12.02.2021;0.2;12.02.2021
RU000A0ZZXS2;1000;0;12.12.2019;43.88;07.03.2024
RU000A0ZZWZ9;1000;102.03;12.08.2019;56.02;07.02.2022
RU000A100188;1000;0;27.07.2022;26.09;27.07.2022
RU000A100196;1000;0;27.07.2022;47.6;27.07.2022
RU000A100295;1000;0;10.08.2022;47.6;10.08.2022
RU000A1003G1;1000;99.6;21.03.2022;0.31;21.03.2022
RU000A1003H9;1000;91.8;21.03.2022;0.31;21.03.2022
RU000A1004M7;1000;95.2;04.04.2022;0.31;04.04.2022
RU000A100444;1000;0;29.08.2022;26.09;29.08.2022
RU000A100451;1000;0;29.08.2022;47.6;29.08.2022
RU000A100576;1000;0;12.09.2022;47.6;12.09.2022
RU000A1004P0;1000;0;26.02.2024;31.02;26.02.2024
RU000A1004N5;1000;101.2;30.09.2022;0.35;30.09.2022
RU000A1005K8;1000;101.5;01.10.2019;19.95;01.10.2019
RU000A100634;1000;101.4;11.04.2022;0.3;11.04.2022
RU000A1006D1;1000;0;;0;24.06.2019
RU000A1007D9;1000;102.1;14.04.2020;0.1;14.04.2020
RU000A1007B3;1000;95.8;15.04.2021;0.2;15.04.2021
RU000A1007C1;1000;97.5;28.04.2022;0.3;28.04.2022
RU000A1006R1;1000;0;28.09.2022;47.6;28.09.2022
RU000A1008A3;1000;0;12.10.2022;47.6;12.10.2022
RU000A1007T5;1000;0;12.10.2022;25.72;12.10.2022
RU000A100923;1000;95.74;30.04.2021;0.2;30.04.2021
RU000A100931;1000;98.02;13.05.2022;0.3;13.05.2022
RU000A100758;1000;101.25;27.09.2019;40.89;26.03.2021
RU000A100BR6;1000;0;14.11.2022;47.6;14.11.2022
RU000A100AK3;1000;0;09.11.2022;31.02;09.11.2022
RU000A100A17;1000;96.13;29.04.2020;0.1;29.04.2020
RU000A100B57;1000;97.6;30.05.2022;0.3;30.05.2022
RU000A100CD4;1000;98.3;04.06.2020;0.1;04.06.2020
RU000A100BP0;1000;0;07.11.2022;47.6;07.11.2022
RU000A100DA8;1000;97.24;16.06.2020;0.1;16.06.2020
RU000A100DL5;1000;0;05.12.2022;47.6;05.12.2022
RU000A100FH8;1000;0;28.12.2022;31.07;28.12.2022
RU000A100DS0;1000;0;10.06.2024;31;10.06.2024
RU000A100EB4;1000;0;;0;27.06.2022
RU000A100GG8;1000;0;;0;29.06.2020
RU000A100EC2;1000;63.9;21.06.2024;0.5;21.06.2024
RU000A100ED0;1000;0;08.07.2019;0.01;08.07.2019
RU000A100FC9;1000;0;;0;02.07.2021
RU000A0JXRW5;1000;101.2;30.11.2019;41.84;30.05.2027
RU000A0JWUE9;1000;103.46;30.09.2019;46.63;30.09.2021
RU000A0ZYBS1;1000;100.98;11.10.2019;39.89;08.12.2020
RU000A0ZYUJ0;1000;98.96;30.08.2019;34.41;27.08.2021
RU000A0ZZ0Z6;1000;102.8;08.10.2021;0.35;08.10.2021
RU000A0ZZ117;1000;98.1;22.11.2019;35.9;19.05.2023
RU000A0ZZ3U1;1000;99.9;16.05.2021;0.31;16.05.2021
RU000A0JVWL2;1000;0;02.11.2019;61.85;02.01.2026
RU000A0ZZDM7;1000;0;26.01.2022;0.35;26.01.2022
RU000A0JWZ77;1000;104;23.08.2019;24.43;15.11.2024
RU000A0ZYDU3;1000;98.87;29.07.2019;19.2;22.10.2025
RU000A0ZZQH9;1000;101.52;23.09.2019;21.64;23.10.2026
RU000A0ZZQ59;1000;103.21;23.07.2019;44.88;20.10.2020
RU000A0JUD42;1000;98.98;25.06.2019;29.92;25.12.2021
RU000A0JS1F5;1000;100;12.12.2019;40.39;09.12.2021
RU000A0JS793;1000;100.88;16.10.2019;34.9;13.04.2022
RU000A0JS710;1000;100;10.10.2019;34.9;07.04.2022
RU000A1008W7;1000;102.75;08.10.2019;43.13;27.03.2029
RU000A1008L0;1000;0;04.10.2019;43.13;23.03.2029
RU000A0JWTW3;1000;99.55;23.09.2019;49.61;14.09.2026
RU000A0JWTX1;1000;99.58;23.09.2019;49.61;14.09.2026
RU000A0JX0Y1;1000;99.78;04.12.2019;51.11;25.11.2026
RU000A0JX1A9;1000;99.98;09.12.2019;51.11;30.11.2026
RU000A0JU716;1000;101.1;03.10.2019;46.37;28.09.2023
RU000A1008J4;1000;100.63;04.10.2019;49.36;23.03.2029
RU000A0JVUK8;1000;100.2;08.10.2019;48.62;30.09.2025
RU000A0JVXZ0;1000;104;08.11.2019;54.35;31.10.2025
RU000A0JWYQ5;1000;100.25;08.11.2019;48.87;30.10.2026
RU000A0JWZY6;1000;100.43;23.08.2019;24.68;13.11.2026
RU000A0JXN21;1000;99;04.10.2019;44.38;26.03.2027
RU000A0ZYQY7;1000;101.6;02.08.2019;49.86;21.01.2028
RU000A0ZYWU3;1000;100.36;04.09.2019;46.12;23.02.2028
RU000A1005L6;1000;100.76;04.09.2019;49.36;21.02.2029
RU000A1007H0;1000;102.4;27.06.2019;21.57;15.03.2029
RU000A0JTZ49;1000;101;23.12.2019;37.6;24.06.2021
RU000A0ZYX28;100;99.75;04.09.2019;4.36;24.06.2019
RU000A0ZYWZ2;100;99.75;04.09.2019;4.11;21.02.2029
RU000A0JXKQ2;1000;100.35;06.09.2019;72.3;25.02.2028
RU000A0JWPA7;1000;101;02.08.2019;42.38;30.07.2021
RU000A0ZYJR6;1000;100.2;05.12.2019;46.12;25.11.2027
RU000A100DZ5;1000;100.39;29.08.2019;22.44;17.05.2029
RU000A0ZZEA0;1000;99.78;23.07.2019;32.41;18.07.2023
RU000A0ZZMQ9;1000;99.9;25.06.2019;32.41;19.09.2023
RU000A0ZZY42;1000;99;16.09.2019;32.41;11.12.2023
RU000A1005N2;1000;99.01;09.09.2019;32.41;04.03.2024
RU000A0JXFC2;550;101.55;13.08.2019;16.8;11.02.2020
RU000A0ZZZN8;1000;102.25;25.06.2019;25.8;21.12.2021
RU000A0ZYMF5;269.32;0;20.08.2019;6.11;20.08.2024
RU000A0JU9G2;200;100.37;02.08.2019;4.08;04.11.2020
RU000A0JWY29;1000;105.99;06.08.2019;24.43;07.11.2023
RU000A0JV334;1000;65;17.12.2019;39.14;14.12.2021
RU000A0JUQW3;1000;99.9;10.07.2019;39.14;10.07.2019
RU000A0JWJQ6;100000000;66.74;01.09.2023;72493.15;01.09.2023
RU000A0ZYEQ9;1000;100.59;01.08.2019;24.18;27.10.2022
RU000A100AA4;1000;100.86;25.07.2019;37.4;21.04.2022
RU000A0JUJP2;1000;98.7;26.11.2025;649.86;26.11.2025
RU000A0JS1W0;1000;100;17.12.2019;28.92;14.12.2021
RU000A0JS470;1000;100;19.08.2019;28.92;14.02.2022
RU000A100DM3;1000;100.06;27.08.2019;34.28;25.05.2021
RU000A0JTYQ1;1000;99.95;03.12.2019;0.5;30.05.2023
RU000A0JWQ45;1000;102.9;19.08.2019;74.79;14.02.2022
RU000A0JWU31;1000;0;27.09.2019;53;23.09.2033
RU000A0ZYBA9;1000;0;09.11.2019;58;31.12.2033
RU000A0ZYGG5;1000;0;12.12.2019;97;31.12.2033
RU000A0JWU23;1000;0;12.10.2019;58;20.09.2046
RU000A0ZZTK7;1000;0;14.11.2019;47.37;02.11.2028
RU000A100AZ1;1000;101.25;25.10.2019;48.62;13.04.2029
RU000A0ZYCR1;1000;99.59;10.10.2019;44.88;30.09.2027
RU000A0JWCM0;1000;100.99;09.10.2019;44.88;01.04.2026
RU000A0JXPD9;1000;101.2;22.10.2019;48.62;13.04.2027
RU000A0JXSF8;1000;102.1;29.11.2019;46.62;21.05.2027
RU000A0JUTC9;1000;75.58;23.02.2023;299.18;14.02.2030
RU000A100790;1000;100;25.09.2019;49.86;20.03.2024
RU000A0JVE57;1000;102;07.11.2019;49.86;07.05.2020
RU000A0ZYJ18;1000;99;13.09.2019;19.95;05.12.2025
RU000A0JWT75;1000;107.39;26.06.2019;23.93;20.09.2023
RU000A0JXVH8;1000;101.59;19.07.2019;20.94;12.07.2024
RU000A0JWMM9;1000;100.12;03.07.2019;63.58;03.07.2019
RU000A0JX108;1000;0;04.12.2019;54.1;01.12.2021
RU000A0JXQJ4;1000;102.5;31.10.2019;53.1;29.10.2020
RU000A0JXQ85;1000;100.74;25.10.2019;44.38;22.04.2022
RU000A1008B1;1000;101.4;02.10.2019;46.12;21.03.2029
RU000A0JWM31;1000;100.49;27.06.2019;44.38;24.06.2021
RU000A0ZYHH1;1000;100.38;02.12.2019;40.36;02.12.2020
RU000A100436;1000;102.4;21.08.2019;43.87;21.02.2022
RU000A0JV2H4;300;103.16;10.09.2019;10.47;15.12.2019
RU000A0JWZ10;650;100;06.09.2019;15.93;14.11.2021
RU000A0JW1K9;1000;106.95;23.09.2019;24.68;19.06.2023
RU000A0ZYMJ7;1000;0;27.06.2019;18.7;19.12.2024
RU000A0ZZ4Z8;1000;100;22.08.2019;23.68;18.05.2023
RU000A0ZZC22;1000;100;04.07.2019;23.68;29.06.2023
RU000A0JWX79;1000;0;01.11.2019;60.82;01.11.2019
RU000A0ZYPG6;1000;98.8;25.07.2019;37.4;19.01.2023
RU000A0JWTH4;1000;101.72;19.09.2019;46.87;16.09.2021
RU000A100E70;10000;100.28;03.07.2019;123.29;18.05.2022
RU000A0JWWM8;1000;100.7;18.10.2019;51.11;09.10.2026
RU000A0JXK99;1000;101.13;02.09.2019;52.11;22.02.2027
RU000A0JXVB1;1000;0;08.07.2019;52.36;28.06.2027
RU000A0ZYEB1;1000;101.2;24.10.2019;52.36;14.10.2027
RU000A0ZYFS2;1000;101;13.11.2019;51.11;03.11.2027
RU000A0JWLW0;1000;102;26.06.2019;47.37;23.06.2021
RU000A0JUUG8;1000;100.03;17.09.2019;52.36;17.09.2019
RU000A0JUQ96;1000;100;23.12.2019;50.11;17.06.2024
RU000A0JUR04;1000;99.98;12.07.2019;52.36;05.07.2024
RU000A0JV9Q0;1000;100.4;04.09.2019;52.36;26.02.2025
RU000A0JUWW1;1000;100;10.10.2019;49.86;03.10.2024
RU000A0JUX30;1000;0;15.10.2019;49.86;08.10.2024
RU000A0JUWA7;1000;100;07.10.2019;52.36;30.09.2024
RU000A0JUXT5;1000;0;21.10.2019;49.86;14.10.2024
RU000A0JUYC9;1000;0;30.10.2019;49.86;23.10.2024
RU000A0JUZZ7;1000;100;18.11.2019;52.36;11.11.2024
RU000A0JV4S7;1000;100;09.07.2019;52.36;31.12.2024
RU000A0JVHH1;1000;107.5;11.12.2019;67.32;04.06.2025
RU000A0JVPS1;1000;100;19.08.2019;47.37;11.08.2025
RU000A0JVS36;1000;100;11.09.2019;52.36;03.09.2025
RU000A0JW5B9;1000;0;16.08.2019;44.88;06.02.2026
RU000A0JWEG8;1000;0;21.10.2019;47.37;13.04.2026
RU000A0JX0U9;1000;0;03.12.2019;46.12;24.11.2026
RU000A0ZZRZ9;1000;102.35;01.11.2019;45.62;29.10.2021
RU000A1009M6;1000;101.8;16.10.2019;42.88;13.04.2022
RU000A0JXD07;1000;101.19;06.08.2019;49.61;04.02.2020
RU000A0JQCR1;1000;101.07;18.09.2019;120.17;18.09.2019
RU000A0JWEB9;1000;105.44;17.10.2019;50.36;09.04.2026
RU000A0JWS92;1000;104;03.09.2019;46.37;25.08.2026
RU000A0JXPK4;1000;0;23.10.2019;43.63;14.04.2027
RU000A100741;1000;103.81;25.06.2019;42.38;23.03.2021
RU000A0JWK90;1000;106.25;06.12.2019;49.36;02.06.2023
RU000A0ZZ349;1000;99;11.10.2019;34.9;08.10.2021
RU000A100E39;1000;100.8;29.11.2019;39.39;27.11.2020
RU000A0JWMS6;1000;109.7;05.07.2019;48.12;30.06.2023
RU000A0JWPW1;1000;105;08.08.2019;47.12;03.08.2023
RU000A0JWVC1;1000;103.3;03.10.2019;46.37;29.09.2022
RU000A0JXC24;1000;105.09;02.08.2019;46.12;26.01.2024
RU000A0JXM97;1000;102.98;25.09.2019;44.88;24.03.2021
RU000A0JXQD7;1000;101.5;30.10.2019;43.63;28.10.2020
RU000A0ZYDD9;1000;99.21;17.10.2019;39.39;09.10.2025
RU000A0ZYUS1;1000;98.95;26.08.2019;35.65;21.02.2022
RU000A0JXY85;1113.26;98.9;02.08.2019;55.83;25.07.2025
RU000A0ZZ141;1085.73;51.99;31.03.2020;45.46;28.03.2023
RU000A0ZZ158;1097.97;100.02;31.03.2020;34.69;30.03.2021
RU000A0JTVE3;1000;94;11.10.2019;0.5;10.04.2020
RU000A0JU0S6;1000;99.31;11.07.2019;43.63;09.07.2020
RU000A0JU0T4;1000;99.8;11.07.2019;43.63;09.07.2020
RU000A0ZYLL5;1000;100.7;20.12.2019;46.12;18.12.2020
RU000A100EV2;1000;102.47;05.12.2019;46.87;24.05.2029
RU000A0ZZ5A8;1000;96;01.08.2019;0.02;05.05.2020
RU000A0JVSY3;900;105.31;19.09.2019;30.96;17.09.2020
RU000A0JWT91;1000;111.01;29.06.2019;26.3;19.09.2026
RU000A0JU740;250;99.5;03.10.2019;9.29;01.10.2020
RU000A0ZYJB0;1000;99.16;29.08.2019;20.42;07.12.2024
RU000A0JU9K4;1000;98.9;07.05.2020;87.74;07.05.2024
RU000A0JV0T3;1000;98.5;02.09.2019;82.5;01.06.2025
RU000A0JWJF9;1127.44;0;30.04.2020;45.13;29.04.2027
RU000A0ZZ2W9;1000;0;12.10.2019;157.64;09.10.2030
RU000A0JS9X1;1000;97.37;18.12.2019;40.89;15.06.2022
RU000A0JXS75;1000;100.9;27.11.2019;43.88;27.05.2020
RU000A0ZZ9W4;1000;97.95;13.12.2019;38.39;09.06.2023
RU000A0ZZT80;1000;102.1;12.11.2019;46.37;09.11.2021
RU000A0ZYSE5;1000;0;13.08.2019;21.34;01.02.2028
RU000A0JXQ28;1000;102.3;24.10.2019;43.88;15.04.2027
RU000A0ZYLF7;1000;99.4;19.12.2019;38.64;09.12.2027
RU000A0ZYX69;1000;96.4;04.09.2019;35.9;23.02.2028
RU000A0ZZRK1;1000;102.2;30.10.2019;44.38;18.10.2028
RU000A0ZZTL5;1000;100.4;14.11.2019;41.88;02.11.2028
RU000A100E88;1000;102;02.12.2019;41.88;21.05.2029
RU000A0JXW46;1000;100;18.07.2019;59.84;18.07.2019
RU000A0ZYL55;1000;100.95;18.12.2019;63.58;16.12.2020
RU000A0JVUG6;1000;100;07.10.2019;7.48;05.10.2020
RU000A0JX090;1000;0;27.08.2019;23.31;17.10.2051
RU000A0ZYDH0;1000;99.9;19.07.2019;19.32;06.09.2052
RU000A0ZYJ91;1000;99.35;04.09.2019;18.95;23.10.2052
RU000A0JR1Y7;1000;101.44;17.09.2019;41.14;15.09.2020
RU000A0JR1Z4;1000;98;18.10.2019;37.4;16.10.2020
RU000A0JR209;1000;101.59;17.09.2019;41.14;15.09.2020
RU000A0JR3M8;1000;97.38;18.10.2019;0.5;16.10.2020
RU000A0JR217;1000;98.7;17.09.2019;38.64;15.09.2020
RU000A0JR3L0;1000;89.48;18.10.2019;0.5;16.10.2020
RU000A0JRL96;1000;101.5;25.06.2019;42.38;22.06.2021
RU000A0JRZK5;1000;100.88;02.12.2019;33.91;27.11.2023
RU000A0JT7T2;1000;97.6;16.10.2019;36.9;06.10.2027
RU000A0JSQ58;1000;95;31.07.2019;33.91;21.07.2027
RU000A0JTYJ6;1000;0;02.09.2019;15.46;27.04.2048
RU000A0JTKA4;1000;100.68;19.07.2019;39.89;07.01.2028
RU000A0JT2K2;1000;100.4;24.09.2019;44.88;14.09.2027
RU000A0JU2K9;1000;0;06.08.2019;15.71;30.06.2048
RU000A0JU2L7;1000;0;06.08.2019;15.71;30.06.2048
RU000A0JTYK4;1000;0;02.09.2019;15.46;27.04.2048
RU000A0JU7S1;1000;0;15.07.2019;15.71;07.09.2048
RU000A0JUC92;1000;0;06.09.2019;15.46;30.10.2048
RU000A0JUCA9;1000;0;06.09.2019;15.46;30.10.2048
RU000A0JVCB5;1000;0;31.07.2019;15.71;23.03.2050
RU000A0JVDD9;1000;0;31.07.2019;15.71;23.03.2050
RU000A0ZZQN7;1000;103.4;25.07.2019;21.69;19.10.2023
RU000A1009R5;1000;100.43;18.07.2019;34.9;15.04.2021
RU000A0JVZF7;1000;23.49;31.07.2019;44.63;31.07.2022
RU000A0JVZG5;1000;7.62;31.07.2019;0.05;31.07.2027
RU000A0JS8R5;1000;100;22.05.2020;208.96;22.05.2020
RU000A0JVE65;1000;100;26.06.2019;39.89;24.06.2020
RU000A0JUDX9;1000;100;04.01.2024;0;04.01.2024
RU000A0ZZGE7;1000;101.58;16.08.2019;43.12;17.08.2021
RU000A1003L1;1000;102;15.08.2019;44.62;15.02.2022
RU000A1003N7;1000;102.61;15.08.2019;59.84;10.02.2022
RU000A0JX3X7;1000;100.79;27.06.2019;49.86;26.12.2019
RU000A0ZZUZ3;1000;100.75;23.08.2019;24.93;19.11.2021
RU000A100AP2;1000;101.5;25.07.2019;24.93;21.04.2022
RU000A0JUWB5;100;101.31;14.07.2019;2.84;13.10.2019
RU000A0JX215;1000;104;23.09.2019;22.81;18.12.2023
RU000A0ZYKW4;1000;99.25;25.06.2019;18.95;17.12.2024
RU000A0ZZQQ0;1000;103.99;26.07.2019;22.44;24.10.2025
RU000A0JU8R1;400;100.17;11.08.2019;8.38;27.10.2020
RU000A0JUXW9;300;101.85;27.07.2019;9.57;27.10.2019
RU000A0JVUH4;400;102.99;09.07.2019;12.22;11.10.2020
RU000A0JWXQ7;1000;109.3;01.08.2019;29.17;02.11.2023
RU000A0ZZFH2;1000;102.45;06.08.2019;49.12;03.08.2021
RU000A0ZYM54;1000;0;25.12.2019;75.29;15.12.2027
RU000A0ZZ2U3;1000;100;11.07.2019;21.82;07.10.2021
RU000A0ZZKP5;1000;99;05.09.2019;20.57;03.03.2022
RU000A0ZZD39;1000;102.86;15.07.2019;79.78;12.07.2021
RU000A100DF7;1000;100.08;26.08.2019;34.28;23.05.2022
RU000A0JX439;1000;103;27.06.2019;53.6;24.12.2020
RU000A0JXHE4;1000;102.79;15.08.2019;49.12;10.02.2022
RU000A0JXME4;1000;103.73;27.06.2019;24.18;21.03.2024
RU000A0JXTY7;1000;100.99;17.12.2019;44.63;08.06.2027
RU000A0JVUJ0;1000;104;08.10.2019;62.33;06.10.2020
RU000A0JUS37;1000;98.27;30.07.2019;64.82;30.07.2019
RU000A0JUSJ6;1000;98.27;15.08.2019;64.82;15.08.2019
RU000A0JTZG9;1000;97;12.07.2019;20.16;12.07.2019
RU000A0ZZ0L6;668;100.4;28.06.2019;17.65;26.03.2021
RU000A100A41;1000;100.21;23.07.2019;25.55;19.04.2022
RU000A0JWC66;1000;98.51;02.07.2019;19.32;30.03.2021
RU000A100824;1000;0;18.09.2019;39.82;14.12.2022
RU000A100840;1000;0;02.10.2019;42.62;03.10.2021
RU000A1001L5;1000;101.5;24.07.2019;25.55;22.01.2024
RU000A0JV052;1000;100.06;20.11.2019;45.38;20.11.2019
RU000A0JUSH0;1000;100.45;06.08.2019;44.88;06.08.2019
RU000A0JX0Z8;600;103.98;04.09.2019;14.02;06.12.2023
RU000A0ZYM47;1000;100;26.06.2019;17.45;25.12.2024
RU000A0JUQH4;300;109.99;26.06.2019;7.55;02.07.2021
RU000A0JVEH8;400;103.1;15.08.2019;12.4;14.05.2020
RU000A0JWGT6;750;105.54;14.08.2019;19.24;18.05.2021
RU000A0JXR43;1000;102.55;15.08.2019;21.42;16.05.2024
RU000A0ZZ7E6;1000;98.49;22.08.2019;18.82;15.05.2025
RU000A0ZZNJ2;1000;103;02.09.2019;22.31;24.09.2025
RU000A100CN3;1000;102.59;21.08.2019;21.42;13.05.2026
RU000A0JWKL5;1000;113.59;26.06.2019;35.53;24.04.2021
RU000A0JUQF8;200;100.29;25.06.2019;5.09;24.09.2019
RU000A0JWHN7;1000;105;23.08.2019;24.93;19.05.2023
RU000A0JXS83;1000;100.89;30.07.2019;20.94;20.04.2027
RU000A0ZZEM5;1000;98.57;30.06.2019;19.82;21.09.2025
